,법정동,거래금액_2020,거래금액_2021,거래금액_2022,거래금액_2023,거래금액_2024,거래금액_2025,지역
0,가남읍 신해리,9191.666666666666,8537.5,11306.25,15425.0,6400.0,12164.285714285714,경기
1,가남읍 심석리,7900.0,8733.333333333334,7556.5,8800.0,,7500.0,경기
2,가남읍 태평리,,,9900.0,,,,경기
3,가능동,29177.272727272728,41960.0,22000.0,29416.666666666668,30773.333333333332,33420.0,경기
4,가사동,22255.555555555555,35000.0,30533.333333333332,37000.0,24950.0,26090.0,경기
5,가수동,14325.0,26987.5,27000.0,25725.0,22566.666666666668,27558.333333333332,경기
6,가재동,17233.333333333332,25933.333333333332,27000.0,26000.0,23500.0,20000.0,경기
7,가좌동,34901.96078431373,45005.0,37700.0,32218.18181818182,38283.333333333336,35100.0,경기
8,가평읍 달전리,10600.0,17900.0,,,7090.0,8000.0,경기
9,가평읍 대곡리,,24566.666666666668,11833.333333333334,25336.428571428572,22725.0,25225.0,경기
10,가평읍 읍내리,17550.0,17250.0,17680.0,17566.666666666668,23540.0,23050.0,경기
11,갈곶동,19252.542372881355,27211.11111111111,22940.0,23490.625,29345.833333333332,21720.58823529412,경기
12,갈매동,71935.92592592593,60200.0,63670.833333333336,60595.0,71017.85714285714,66252.63157894737,경기
13,갈산동,28180.76923076923,14400.0,45000.0,33407.142857142855,10000.0,44400.0,경기
14,갈현동,,,,130000.0,163500.0,164000.0,경기
15,감이동,51000.0,110458.33333333333,87533.33333333333,96115.78947368421,103592.85714285714,108492.0,경기
16,감일동,,,,,,98100.0,경기
17,감정동,25690.74074074074,34615.38461538462,26600.0,29290.47619047619,42575.0,27826.315789473683,경기
18,강상면 병산리,27608.333333333332,34085.71428571428,33000.0,27925.0,24175.0,26940.0,경기
19,개군면 하자포리,,16000.0,,,,,경기
20,거모동,12988.75,15513.888888888889,18750.0,15306.25,12994.117647058823,17850.0,경기
21,건건동,23671.964285714286,10425.0,26900.0,29400.0,44000.0,40300.0,경기
22,걸포동,69000.0,69800.0,52312.5,64090.90909090909,65550.0,57271.42857142857,경기
23,검산동,14908.333333333334,19837.5,20225.0,18460.0,18750.0,15425.0,경기
24,경안동,26240.0,,,37775.0,20066.666666666668,42514.28571428572,경기
25,고담동,17866.666666666668,19500.0,,,,20500.0,경기
26,고덕동,75333.33333333333,82300.0,62246.666666666664,61650.0,52566.666666666664,50976.31578947369,경기
27,고덕면 궁리,14770.689655172413,24177.777777777777,20250.0,26540.0,28500.0,25223.076923076922,경기
28,고등동,104620.0,,53000.0,79325.0,88945.83333333333,75920.0,경기
29,고림동,23400.0,29945.454545454544,30300.0,32766.666666666668,29100.0,28804.0,경기
30,고매동,27622.222222222223,,,40000.0,30000.0,32250.0,경기
31,고산동,36978.333333333336,56600.0,32000.0,37790.0,43606.36363636364,41238.46153846154,경기
32,고색동,27958.333333333332,38987.5,41800.0,29900.0,36625.0,28428.571428571428,경기
33,고암동,19023.780487804877,34750.0,26471.428571428572,19982.14285714286,19050.0,19846.25,경기
34,고양동,24392.5,40090.0,25540.0,31008.333333333332,32140.0,26611.53846153846,경기
35,고읍동,29296.969696969696,45800.0,29750.0,32657.14285714286,29666.666666666668,32885.71428571428,경기
36,고잔동,44697.619047619046,56447.05882352941,58372.22222222222,56781.48148148148,55368.57142857143,52128.0,경기
37,고천동,41783.333333333336,,,,,48000.0,경기
38,고촌읍 신곡리,59440.0,52876.6,53125.0,59536.36363636364,60010.52631578947,57582.608695652176,경기
39,고촌읍 태리,,44500.0,45000.0,60257.142857142855,56475.0,57200.0,경기
40,고촌읍 향산리,,,45000.0,55500.0,60000.0,54250.0,경기
41,고현동,30721.428571428572,,,39500.0,35675.0,34500.0,경기
42,곡반정동,31250.0,,46500.0,45920.0,55025.0,57345.0,경기
43,곤지암읍 곤지암리,24644.117647058825,32083.333333333332,25000.0,30950.0,26300.0,23500.0,경기
44,곤지암읍 삼리,17390.0,19831.25,13000.0,21666.666666666668,16640.0,19225.0,경기
45,공도읍 마정리,12500.0,8622.0,4900.0,13275.0,12666.666666666666,7116.666666666667,경기
46,공도읍 만정리,20929.6875,20219.04761904762,23375.0,21328.571428571428,21583.333333333332,21592.85714285714,경기
47,공도읍 승두리,22264.0,,,29075.0,31740.0,27789.8,경기
48,공도읍 양기리,15460.5,22257.14285714286,23500.0,23540.0,23100.0,17936.363636363636,경기
49,공도읍 용두리,14901.08695652174,19656.25,18650.0,17254.0,15412.5,17369.14285714286,경기
50,공도읍 진사리,12772.5,19533.333333333332,15366.666666666666,17891.666666666668,15571.875,15361.290322580646,경기
51,공세동,37446.47222222222,51200.0,45116.666666666664,45608.333333333336,42300.0,42636.36363636364,경기
52,관고동,22783.333333333332,31800.0,18125.0,29600.0,23530.0,31401.666666666668,경기
53,관산동,20826.315789473683,29833.333333333332,17500.0,29475.0,26300.0,30800.0,경기
54,관양동,57396.153846153844,80728.57142857143,60285.71428571428,51994.444444444445,59560.416666666664,63450.92592592593,경기
55,광명동,61343.43243243243,64800.0,52609.6875,58871.42857142857,68111.53846153847,68546.8085106383,경기
56,광사동,24291.780821917808,37175.0,27000.0,25950.0,27566.666666666668,26475.0,경기
57,광석동,58800.0,,,,62000.0,57083.333333333336,경기
58,광암동,,,,2950.0,2552.5,,경기
59,광적면 가납리,17440.0,22787.5,13975.0,21000.0,19233.333333333332,18600.0,경기
60,광적면 광석리,9200.0,,10250.0,8700.0,11000.0,,경기
61,광탄면 신산리,18000.0,,,,17700.0,,경기
62,교동,20621.428571428572,20742.85714285714,26750.0,32740.0,30613.333333333332,28871.0,경기
63,교문동,68066.17647058824,87400.0,67428.57142857143,63062.5,79900.0,77087.5,경기
64,구갈동,72845.67375886525,72650.0,69092.30769230769,64989.13043478261,63724.0,66911.66666666667,경기
65,구래동,50538.709677419356,50756.51162790698,38228.57142857143,42716.666666666664,45627.142857142855,43877.083333333336,경기
66,구미동,82861.76470588235,96444.44444444444,62966.666666666664,83192.85714285714,96225.26470588235,94702.85714285714,경기
67,구운동,29810.0,50220.0,27500.0,38700.0,38233.333333333336,45093.75,경기
68,군내면 구읍리,24700.0,28366.666666666668,30500.0,26337.5,27440.0,31940.0,경기
69,군내면 용정리,,,,23284.5,,,경기
70,군문동,14105.263157894737,19850.0,17700.0,20900.0,21700.0,19980.0,경기
71,군자동,,,,59166.666666666664,62150.0,68600.0,경기
72,권선동,43638.77551020408,41933.78378378379,43937.5,41974.62686567164,40983.954545454544,44742.40506329114,경기
73,궐동,19255.555555555555,14800.0,20566.666666666668,26962.5,23375.0,20953.846153846152,경기
74,금곡동,57633.509316770185,50691.666666666664,56983.333333333336,49356.944444444445,52316.0,67168.85245901639,경기
75,금광동,51623.529411764706,57125.0,46000.0,61890.0,81706.25,66020.58823529411,경기
76,금광면 신양복리,7857.0,13437.5,10950.0,10175.0,11228.57142857143,12775.0,경기
77,금릉동,16460.0,23500.0,,29866.666666666668,,19500.0,경기
78,금산동,8725.0,14000.0,12775.0,11500.0,12966.666666666666,16180.0,경기
79,금석동,5600.0,8297.5,8533.333333333334,9400.0,8500.0,9200.0,경기
80,금암동,35742.59259259259,48000.0,41500.0,41477.77777777778,38819.0,38850.0,경기
81,금오동,26231.396551724138,31695.0,30537.5,32158.333333333332,30753.846153846152,29733.333333333332,경기
82,금정동,30948.383838383837,50571.42857142857,36371.42857142857,33015.71428571428,38909.67741935484,38491.86046511628,경기
83,금촌동,21234.79381443299,24707.191489361703,22974.846153846152,24303.8,23079.6875,22810.869565217392,경기
84,기산동,40795.454545454544,53600.0,38325.0,36595.454545454544,44980.0,41016.666666666664,경기
85,기안동,19541.176470588234,34573.07692307692,31525.0,29569.23076923077,28940.909090909092,31027.272727272728,경기
86,김량장동,18343.75,14305.0,15618.75,14216.666666666666,19138.88888888889,24271.428571428572,경기
87,낙양동,44126.31578947369,55462.5,39000.0,40404.545454545456,39855.0,40731.25,경기
88,낙원동,9300.0,,,8000.0,,7500.0,경기
89,남동,,32200.0,,,,25450.0,경기
90,남면 신산리,4115.0,,,6000.0,3000.0,4800.0,경기
91,남사읍 아곡리,33200.0,54633.333333333336,33500.0,47450.0,37400.0,34562.5,경기
92,남사읍 완장리,35796.8085106383,41575.0,30675.0,38353.846153846156,38088.88888888889,31500.0,경기
93,남양읍,,,,46000.0,,,경기
94,남양읍 남양리,25693.939393939392,28509.090909090908,34375.0,23333.333333333332,32702.17391304348,30487.037037037036,경기
95,남양읍 무송리,14150.0,,,17000.0,17000.0,17500.0,경기
96,남양읍 신남리,19666.666666666668,30000.0,31576.0,33948.5,39000.0,37744.444444444445,경기
97,내삼미동,53818.181818181816,70000.0,45941.666666666664,53937.5,54060.0,53475.0,경기
98,내손동,77228.67132867133,80540.0,77625.0,81647.05882352941,75190.0,75741.86046511628,경기
99,녹양동,27581.70731707317,40722.22222222222,32140.0,32466.666666666668,26416.666666666668,29220.0,경기
100,논곡동,35083.333333333336,49400.0,,29000.0,36450.0,33500.0,경기
101,누읍동,12064.285714285714,15142.857142857143,11885.714285714286,17114.285714285714,10093.333333333334,18950.0,경기
102,능곡동,49456.0,67250.0,57000.0,51800.0,55535.71428571428,54000.0,경기
103,능동,47313.55140186916,59942.857142857145,37089.47368421053,44510.0,47970.3125,48268.29268292683,경기
104,능평동,50750.0,42000.0,39500.0,63250.0,44500.0,41500.0,경기
105,다산동,77895.87155963303,90514.28571428571,68048.83720930232,67120.14925373135,78720.0,74572.16981132075,경기
106,다율동,39393.333333333336,44733.333333333336,40370.6,41218.57142857143,39050.0,47117.307692307695,경기
107,단대동,69475.0,68800.0,71500.0,73710.0,78057.14285714286,75227.27272727272,경기
108,당동,37095.58823529412,43862.857142857145,,39582.608695652176,42032.5,44304.0,경기
109,당수동,26588.235294117647,36300.0,28412.5,23750.0,31900.0,30333.333333333332,경기
110,당왕동,18967.30769230769,23800.0,16000.0,19700.0,27960.0,31416.666666666668,경기
111,당정동,40052.17391304348,23700.0,36000.0,45340.0,45040.0,40854.545454545456,경기
112,대덕면 내리,6050.0,6216.666666666667,6278.571428571428,6025.0,5300.0,,경기
113,대덕면 신령리,19208.108108108107,29900.0,27500.0,22408.333333333332,23675.0,22127.272727272728,경기
114,대덕면 진현리,7625.0,12950.0,,14925.0,14500.0,11666.666666666666,경기
115,대야동,28121.0,38430.0,42642.5,47561.11111111111,47430.0,47700.0,경기
116,대야미동,38625.0,,,44800.0,45550.0,45416.666666666664,경기
117,대월면 사동리,17395.454545454544,15228.57142857143,15671.42857142857,22800.0,17300.0,15955.555555555555,경기
118,대월면 초지리,,17600.0,,17500.0,,17200.0,경기
119,대장동,,83500.0,,104366.66666666667,123700.0,175250.0,경기
120,대화동,39802.77777777778,57742.857142857145,152000.0,43700.0,37513.333333333336,41250.0,경기
121,덕계동,19930.978260869564,21841.666666666668,28883.333333333332,25823.809523809523,24233.333333333332,24857.8125,경기
122,덕은동,,,77660.0,101900.0,,106500.0,경기
123,덕이동,42288.37209302326,56250.0,58000.0,48546.666666666664,60885.71428571428,48271.875,경기
124,덕정동,22505.070422535213,33487.5,30042.85714285714,25216.666666666668,21677.777777777777,24761.53846153846,경기
125,덕풍동,65993.47826086957,76477.77777777778,64500.0,50361.53846153846,68835.71428571429,63213.10344827586,경기
126,도내동,69771.55172413793,69500.0,62000.0,58243.75,67120.0,67956.25,경기
127,도마교동,56320.0,68000.0,44333.333333333336,45425.0,47583.333333333336,57250.0,경기
128,도창동,24157.14285714286,35800.0,38000.0,,35000.0,24500.0,경기
129,도척면 진우리,16100.0,21500.0,,18500.0,18800.0,,경기
130,도촌동,76127.27272727272,92540.0,68000.0,,80000.0,77600.0,경기
131,독곡동,13600.0,21442.85714285714,21250.0,22500.0,17000.0,19850.0,경기
132,동두천동,15421.42857142857,,,22500.0,21966.666666666668,19625.0,경기
133,동백동,47086.84210526316,56100.0,49837.5,50307.142857142855,49252.380952380954,47545.454545454544,경기
134,동본동,,,16000.0,,,,경기
135,동삭동,36548.32692307692,55663.63636363636,43729.166666666664,45450.0,45311.22448979592,42290.769230769234,경기
136,동산동,79756.8,,70000.0,71333.33333333333,73000.0,75625.0,경기
137,동천동,85525.0,113484.61538461539,71083.33333333333,83911.76470588235,91380.43478260869,90740.38461538461,경기
138,동패동,34459.230769230766,48400.0,49441.666666666664,50002.17391304348,49403.44827586207,54210.256410256414,경기
139,마도면 두곡리,14000.0,14700.0,,,,19000.0,경기
140,마두동,46276.0162601626,63478.94736842105,62437.5,60777.77777777778,42708.82352941176,51913.63636363636,경기
141,마북동,59465.53398058253,68977.77777777778,47166.666666666664,61587.5,58973.68421052631,50644.117647058825,경기
142,마산동,48944.444444444445,49762.8275862069,39886.666666666664,41640.71428571428,39991.666666666664,40604.76190476191,경기
143,마장면 덕평리,,3300.0,,,,,경기
144,마장면 오천리,24600.0,44000.0,8300.0,35433.333333333336,35200.0,30250.0,경기
145,마평동,19311.53846153846,32050.0,34500.0,29600.0,22000.0,20450.0,경기
146,만송동,30557.14285714286,49000.0,26600.0,21650.0,33200.0,31685.714285714286,경기
147,망월동,91235.98130841121,106256.25,75866.66666666667,85298.27586206897,92011.90476190476,88616.07142857143,경기
148,망포동,68199.73821989528,75590.47619047618,59325.862068965514,60042.857142857145,66259.42028985507,63937.6404494382,경기
149,매교동,28533.333333333332,27650.0,22380.98901098901,43725.0,67247.05882352941,74509.52380952382,경기
150,매산동,22850.0,,,,19000.0,22875.0,경기
151,매산로1가,7950.0,,,,7000.0,7500.0,경기
152,매산로2가,52930.769230769234,99000.0,55000.0,,68750.0,61750.0,경기
153,매산로3가,20100.0,45200.0,,,,39000.0,경기
154,매송면 천천리,,15000.0,,,,,경기
155,매탄동,45991.23222748815,57111.53846153846,48893.47826086957,40319.166666666664,51758.333333333336,48505.737704918036,경기
156,매화동,14075.0,22000.0,,19580.0,11500.0,20200.0,경기
157,멱곡동,16600.0,,,,,16450.0,경기
158,모현읍 왕산리,23400.0,,,,27010.0,37597.142857142855,경기
159,모현읍 일산리,28057.14285714286,34900.0,,36500.0,28500.0,27150.0,경기
160,목감동,39900.0,38800.0,52833.333333333336,44650.0,59433.333333333336,77000.0,경기
161,목동,58562.857142857145,73120.0,51409.375,56374.28571428572,64458.82352941176,59980.48780487805,경기
162,목동동,46100.44642857143,59943.333333333336,40565.90909090909,47400.0,50188.09523809524,46086.04651162791,경기
163,목현동,29700.0,,,,,30000.0,경기
164,문발동,32860.0,41000.0,,,34500.0,,경기
165,문산읍 당동리,25650.298507462685,32955.555555555555,28712.5,24311.0,22145.833333333332,22686.666666666668,경기
166,문산읍 문산리,17957.69230769231,21350.0,13600.0,22616.666666666668,18562.5,12500.0,경기
167,문산읍 선유리,17939.354838709678,23038.88888888889,21850.0,21933.333333333332,19655.0,22315.384615384617,경기
168,문형동,25270.0,38625.0,23666.666666666668,29400.0,29400.0,21771.428571428572,경기
169,미산동,32260.0,8000.0,15000.0,20250.0,33166.666666666664,50000.0,경기
170,미양면 보체리,11175.0,12800.0,12000.0,,,9800.0,경기
171,미양면 양변리,,,4500.0,5320.0,5075.0,5300.0,경기
172,민락동,29992.265193370167,43801.851851851854,33960.0,30638.709677419356,37756.25,31222.549019607843,경기
173,박달동,41238.46153846154,58800.0,45700.0,52033.333333333336,44252.94117647059,43968.75,경기
174,반송동,65631.58878504673,49478.47826086957,53481.08108108108,59083.4375,71337.83783783784,67418.26923076923,경기
175,반월동,50678.0,68880.0,43366.1,54418.181818181816,57062.857142857145,53902.63157894737,경기
176,반정동,,,57000.0,,68140.0,,경기
177,배곧동,53459.22330097087,66930.0,47590.217391304344,51521.666666666664,54544.444444444445,49782.77777777778,경기
178,백사면 모전리,15900.0,12550.0,,,13756.0,15000.0,경기
179,백사면 조읍리,8766.666666666666,8300.0,,10000.0,10800.0,10633.333333333334,경기
180,백석동,43469.266055045875,54933.333333333336,50433.333333333336,48306.25,61150.0,37396.89473684211,경기
181,백석읍 가업리,13870.0,24850.0,13000.0,17000.0,16000.0,12900.0,경기
182,백석읍 방성리,11850.0,12150.0,19000.0,15850.0,,16066.666666666666,경기
183,백석읍 복지리,16758.064516129034,22516.666666666668,10000.0,24000.0,17466.666666666668,19357.14285714286,경기
184,백석읍 오산리,11540.0,19650.0,15850.0,18000.0,,14000.0,경기
185,백암면 근창리,9500.0,7650.0,,,,8600.0,경기
186,백현동,182600.0,203350.0,182500.0,163700.0,227000.0,216166.66666666666,경기
187,법원읍 가야리,6950.0,8750.0,9500.0,6825.0,,8850.0,경기
188,법원읍 법원리,,15900.0,,,,7000.0,경기
189,별내동,77038.88888888889,94625.0,69571.42857142857,64256.25,73405.26315789473,69832.43243243243,경기
190,별내면 청학리,25408.333333333332,34833.333333333336,24333.333333333332,28277.777777777777,27500.0,28790.909090909092,경기
191,별양동,143688.23529411765,199000.0,135900.0,167325.0,219416.66666666666,191563.33333333334,경기
192,병점동,30200.0,40891.666666666664,31991.666666666668,36773.529411764706,37748.75,37593.07692307692,경기
193,보개면 기좌리,9250.0,,,11000.0,,,경기
194,보라동,42998.148148148146,57142.857142857145,47125.0,47386.666666666664,43292.857142857145,42182.35294117647,경기
195,보산동,6300.0,,,8000.0,,5500.0,경기
196,보정동,86621.01449275362,112150.0,79125.0,93785.71428571429,78721.42857142857,83100.0,경기
197,본오동,24495.205479452055,44215.38461538462,29337.5,41469.230769230766,30711.764705882353,36000.0,경기
198,봉담읍 내리,,,,,48350.0,48500.0,경기
199,봉담읍 동화리,29035.185185185186,38320.0,35060.0,36055.555555555555,40122.22222222222,38036.36363636364,경기
200,봉담읍 상리,24390.909090909092,46920.0,28500.0,29863.636363636364,31900.0,38785.71428571428,경기
201,봉담읍 수기리,,,17000.0,,,,경기
202,봉담읍 수영리,32320.833333333332,63000.0,32650.0,33020.0,34871.42857142857,32542.85714285714,경기
203,봉담읍 와우리,31421.21212121212,27403.333333333332,31128.571428571428,28859.090909090908,32045.0,33889.393939393936,경기
204,봉담읍 유리,14000.0,25000.0,,25000.0,20000.0,22250.0,경기
205,봉산동,8366.666666666666,,,12900.0,9000.0,12000.0,경기
206,부곡동,50771.42857142857,76000.0,,52250.0,56000.0,55733.333333333336,경기
207,부림동,141220.58823529413,215000.0,120000.0,145400.0,162922.22222222222,192575.0,경기
208,부발읍 가산리,9700.0,11400.0,,11700.0,,10800.0,경기
209,부발읍 마암리,12500.0,9750.0,,,9800.0,,경기
210,부발읍 무촌리,17000.0,4500.0,4800.0,21350.0,,5200.0,경기
211,부발읍 신원리,,8300.0,5733.333333333333,,11500.0,,경기
212,부발읍 신하리,16200.0,25380.0,27050.0,19485.714285714286,16700.0,20175.0,경기
213,부발읍 아미리,29942.06349206349,16875.0,26666.666666666668,32700.0,33100.0,32925.0,경기
214,부발읍 응암리,7942.857142857143,11860.714285714286,8750.0,8410.0,7750.0,7555.555555555556,경기
215,부산동,25231.68316831683,39112.5,32197.36842105263,35125.0,33947.6,31507.69230769231,경기
216,북변동,30500.0,45888.88888888889,26471.428571428572,37481.818181818184,30176.923076923078,31946.428571428572,경기
217,분당동,103533.33333333333,102000.0,99500.0,104250.0,132500.0,96333.33333333333,경기
218,비봉면 삼화리,,,,,,39481.333333333336,경기
219,비봉면 양노리,,25750.0,,,,,경기
220,비산동,48788.940092165896,56916.666666666664,49686.666666666664,59439.0243902439,60213.670886075946,61282.21276595745,경기
221,비전동,24581.967213114753,25644.68085106383,29294.444444444445,24339.583333333332,27518.75,23728.0,경기
222,사동,35953.57142857143,39287.5,45000.0,50705.555555555555,45153.75,40922.619047619046,경기
223,사리현동,19423.333333333332,18170.0,31000.0,25775.0,30000.0,26250.0,경기
224,사사동,17971.428571428572,,19000.0,22300.0,,13850.0,경기
225,사우동,31602.17391304348,45614.28571428572,42311.11111111111,31800.0,41841.666666666664,31962.5,경기
226,사음동,21000.0,27750.0,,,,,경기
227,산곡동,53366.666666666664,,,51040.0,48233.333333333336,54955.0,경기
228,산본동,46810.783289817235,61196.0,47094.117647058825,54350.0,51735.294117647056,50236.98630136986,경기
229,산북동,15866.666666666666,,,,,,경기
230,산척동,64032.5,72375.0,55365.217391304344,68934.375,66936.36363636363,63358.82352941176,경기
231,산현동,57025.0,64500.0,46050.0,50016.666666666664,48316.666666666664,51960.0,경기
232,삼가동,37411.90476190476,38600.0,29725.0,42400.0,41355.555555555555,38125.0,경기
233,삼동,25549.242424242424,,46475.0,46960.0,41250.0,45657.142857142855,경기
234,삼송동,82150.0,,65266.666666666664,68975.0,78083.33333333333,73256.66666666667,경기
235,삼숭동,19335.507246376812,28973.684210526317,21194.444444444445,20945.652173913044,26291.666666666668,22851.85185185185,경기
236,삼평동,146624.07407407407,,104666.66666666667,156088.88888888888,174187.5,149486.95652173914,경기
237,상갈동,38154.6875,53966.666666666664,45000.0,39450.0,42600.0,40633.333333333336,경기
238,상대원동,38012.121212121216,55600.0,34500.0,38371.42857142857,39500.0,37884.42857142857,경기
239,상동,14000.0,17500.0,,,,,경기
240,상패동,6912.5,,10000.0,7066.666666666667,7450.0,9300.0,경기
241,상하동,37339.68253968254,45090.0,42000.0,36018.181818181816,39041.17647058824,33072.916666666664,경기
242,상현동,73253.97647058824,85648.0,65220.0,73288.63636363637,75051.6129032258,75288.23529411765,경기
243,새솔동,53630.555555555555,67333.33333333333,51700.0,52529.41176470588,56105.26315789474,55728.57142857143,경기
244,생연동,10938.949044585986,14703.333333333334,12779.166666666666,12721.052631578947,11503.846153846154,12448.275862068966,경기
245,서동,12290.90909090909,19450.0,14566.666666666666,16340.0,19166.666666666668,19466.666666666668,경기
246,서둔동,51755.0,,38800.0,38150.0,38850.0,40100.0,경기
247,서정동,16544.904761904763,17425.0,13428.125,16281.25,16042.857142857143,26229.714285714286,경기
248,서천동,56109.859154929574,67466.66666666667,48400.0,54192.857142857145,59500.0,57683.333333333336,경기
249,서현동,104173.88059701493,135333.33333333334,83500.0,107031.57894736843,129779.41176470589,119894.11764705883,경기
250,석수동,58916.5,74142.85714285714,54533.333333333336,54843.75,50892.5,56392.307692307695,경기
251,석우동,62810.86956521739,69316.66666666667,58089.28571428572,65662.5,64825.0,65230.0,경기
252,석정동,25135.0,22800.0,9000.0,34833.333333333336,32500.0,25388.88888888889,경기
253,선단동,15300.0,,21400.0,18700.0,,17400.0,경기
254,선동,100405.88235294117,120500.0,104500.0,94206.66666666667,90221.42857142857,103581.81818181818,경기
255,선부동,25369.590643274852,32284.4,29279.166666666668,33491.17647058824,36969.230769230766,32935.0,경기
256,설악면 선촌리,29000.0,25350.0,,,30500.0,,경기
257,성남동,44088.88888888889,62600.0,43000.0,80000.0,71500.0,48660.0,경기
258,성복동,93119.23076923077,113458.33333333333,88291.66666666667,90147.5,95785.47619047618,101310.63829787234,경기
259,성사동,39297.5,38600.0,47233.333333333336,33165.38461538462,40950.0,37907.142857142855,경기
260,성석동,17000.0,,,,27300.0,23100.0,경기
261,성포동,30914.06779661017,43762.5,46860.0,35027.27272727273,42050.0,38827.27272727273,경기
262,세교동,26798.863636363636,38179.41176470588,28347.82608695652,31439.473684210527,32360.0,29414.0,경기
263,세류동,51677.083333333336,39350.0,48783.333333333336,43077.77777777778,45150.833333333336,41732.142857142855,경기
264,세종대왕면 신지리,,19000.0,,17000.0,18700.0,,경기
265,소사동,31656.0,44133.333333333336,40000.0,34008.333333333336,35684.61538461538,37158.21428571428,경기
266,소하동,74212.76595744681,62678.57142857143,53428.57142857143,61893.75,71616.66666666667,60133.21428571428,경기
267,소흘읍 송우리,18327.835616438355,28526.0,26937.5,23132.14285714286,23406.666666666668,22091.666666666668,경기
268,소흘읍 이동교리,15816.666666666666,21000.0,,14800.0,15700.0,12800.0,경기
269,소흘읍 초가팔리,9504.166666666666,15120.0,12200.0,10250.0,9880.0,12050.0,경기
270,송내동,14678.358208955224,26083.333333333332,19433.333333333332,16754.545454545456,22815.0,14442.307692307691,경기
271,송동,61781.25,86400.0,66600.0,70200.0,70200.0,92866.66666666667,경기
272,송산동,12937.5,25500.0,,28100.0,17650.0,22716.666666666668,경기
273,송산면 사강리,19566.75,22166.666666666668,,,,,경기
274,송산면 육일리,18025.0,17900.0,,,20533.333333333332,18200.0,경기
275,송정동,24390.0,21472.222222222223,24594.444444444445,27927.272727272728,34568.75,31590.909090909092,경기
276,송죽동,36295.23809523809,38983.333333333336,53875.0,42060.0,43880.0,53042.857142857145,경기
277,수내동,128897.41379310345,158144.44444444444,114833.33333333333,139750.0,169395.0,160779.3103448276,경기
278,수암동,16125.0,17700.0,14062.5,17416.666666666668,,6300.0,경기
279,수진동,52100.0,,,38860.0,,68071.42857142857,경기
280,수청동,25501.88679245283,41140.0,44500.0,40037.5,34262.5,29400.0,경기
281,수택동,41479.807692307695,57277.77777777778,68000.0,48698.07692307692,51133.333333333336,58803.125,경기
282,숭인동,9650.0,15900.0,,19940.0,16500.0,15000.0,경기
283,식사동,69194.0594059406,95187.5,73375.0,70234.78260869565,70100.0,60750.90909090909,경기
284,신갈동,48563.15789473684,62525.0,44350.0,48495.666666666664,47267.5,53571.666666666664,경기
285,신곡동,23575.830258302583,37285.9375,32788.46153846154,31022.80701754386,30805.737704918032,29195.36842105263,경기
286,신길동,27553.333333333332,38500.0,35820.0,37307.142857142855,40000.0,34911.11111111111,경기
287,신동,71776.66666666667,,57966.666666666664,65933.33333333333,72180.0,76400.0,경기
288,신둔면 도봉리,14250.0,21000.0,,,,,경기
289,신둔면 수광리,,16750.0,,16000.0,10500.0,,경기
290,신둔면 수하리,20620.0,27100.0,22500.0,,22533.333333333332,22333.333333333332,경기
291,신봉동,70554.54545454546,79194.13432835821,60281.818181818184,60253.333333333336,72031.81818181818,67011.53846153847,경기
292,신북면 가채리,6566.666666666667,9600.0,8300.0,7625.0,,4100.0,경기
293,신북면 기지리,6287.5,6550.0,7712.5,8733.333333333334,7250.0,6057.142857142857,경기
294,신소현동,18566.666666666668,28500.0,24250.0,22500.0,21660.0,22900.0,경기
295,신원동,64763.26530612245,73625.0,,58585.71428571428,62041.666666666664,61335.0,경기
296,신읍동,14957.142857142857,16119.444444444445,10414.285714285714,16050.0,11900.0,12770.0,경기
297,신장동,66998.03571428571,52841.379310344826,23096.296296296296,39280.17307692308,60617.391304347824,64710.0,경기
298,신천동,23130.208333333332,28640.0,29500.0,27983.333333333332,30637.5,26672.727272727272,경기
299,신현동,55808.333333333336,66000.0,55000.0,38800.0,54522.72727272727,57958.82352941176,경기
300,신흥동,79592.85714285714,90333.33333333333,83022.22222222222,82352.94117647059,82325.0,97552.17391304347,경기
301,쌍령동,31680.0,45671.42857142857,38200.0,40100.0,34728.57142857143,39262.5,경기
302,아동동,20373.684210526317,24830.0,21921.428571428572,24977.777777777777,22650.0,22363.793103448275,경기
303,아양동,6640.625,13155.555555555555,12600.0,11211.111111111111,20058.666666666668,15471.42857142857,경기
304,안녕동,22521.875,,31666.666666666668,29483.333333333332,24062.5,32825.0,경기
305,안양동,56758.63636363636,39488.4,50322.916666666664,48184.21052631579,48992.19512195122,56279.891304347824,경기
306,안중읍 금곡리,8533.333333333334,11560.0,11333.333333333334,10614.285714285714,10600.0,10875.0,경기
307,안중읍 송담리,24767.5,38975.0,14200.0,29600.0,28000.0,27785.714285714286,경기
308,안중읍 학현리,,10500.0,,6200.0,,,경기
309,안중읍 현화리,17526.315789473683,22681.25,23475.0,20620.0,19243.18181818182,19673.529411764706,경기
310,안흥동,29347.575757575756,33912.5,,32887.5,23475.0,56600.0,경기
311,야당동,43671.969696969696,61128.125,43185.0,47314.583333333336,48785.71428571428,48113.10344827586,경기
312,야동동,13301.470588235294,16415.384615384617,15250.0,15883.333333333334,,12100.0,경기
313,야탑동,87270.42253521127,113013.33333333333,92750.0,71269.23076923077,83532.75862068965,82609.30232558139,경기
314,양벌동,35763.04347826087,36381.818181818184,30300.0,36542.857142857145,28206.666666666668,30076.923076923078,경기
315,양산동,37410.34482758621,47666.666666666664,24825.0,51000.0,36666.666666666664,37620.0,경기
316,양서면 양수리,25877.272727272728,30700.0,52000.0,35687.5,34000.0,,경기
317,양서면 용담리,30500.0,31900.0,,31000.0,,,경기
318,양지동,52000.0,,,,58500.0,64500.0,경기
319,양지면 양지리,20416.666666666668,24000.0,,34150.0,8000.0,22800.0,경기
320,양촌읍 양곡리,31311.11111111111,39340.0,34400.0,29158.333333333332,30550.0,30900.0,경기
321,양촌읍 학운리,26111.11111111111,33200.0,27700.0,26000.0,27000.0,26520.0,경기
322,양평읍 공흥리,18987.5,,22000.0,21000.0,18350.0,17500.0,경기
323,양평읍 백안리,30695.0,34500.0,,24000.0,29750.0,28000.0,경기
324,양평읍 양근리,31433.333333333332,25742.85714285714,32780.0,31590.571428571428,36925.0,31475.0,경기
325,양평읍 창대리,,,,,38666.666666666664,43825.0,경기
326,어룡동,,,,22750.0,24500.0,,경기
327,언남동,52759.13513513513,66677.77777777778,51333.333333333336,48200.0,55960.0,57433.333333333336,경기
328,여수동,86353.33333333333,97300.0,67300.0,87425.0,84780.0,83570.0,경기
329,역동,67345.65217391304,62000.0,59766.666666666664,67333.33333333333,64833.333333333336,62125.0,경기
330,역북동,41499.230769230766,50091.25,42750.0,43670.0,43635.0,40972.72727272727,경기
331,연무동,22192.85714285714,29800.0,27125.0,24000.0,35500.0,42300.0,경기
332,연양동,15633.333333333334,20000.0,,19125.0,19300.0,17250.0,경기
333,연천읍 옥산리,,,9500.0,20500.0,24000.0,27325.0,경기
334,연천읍 차탄리,,,,,,6500.0,경기
335,연천읍 현가리,,,,,15300.0,,경기
336,영덕동,57068.987341772154,73035.71428571429,50941.666666666664,48952.77777777778,54194.73684210526,57546.153846153844,경기
337,영북면 운천리,4900.0,,,,,,경기
338,영천동,65464.93506493507,78740.47619047618,59165.0,60967.1875,58057.40740740741,63781.48148148148,경기
339,영통동,44894.59459459459,55252.77777777778,39435.17857142857,41873.846153846156,51129.74647887324,47601.46788990826,경기
340,영화동,23500.0,16750.0,,22300.0,20000.0,,경기
341,오남읍 양지리,27690.47619047619,41425.0,28200.0,36255.555555555555,39154.166666666664,38130.0,경기
342,오남읍 오남리,17149.5,28519.23076923077,21800.0,20372.5,18925.0,22916.176470588234,경기
343,오목천동,41406.52173913043,56000.0,40542.857142857145,38207.27272727273,47150.0,48612.5,경기
344,오산동,57549.230769230766,92552.0,64138.09523809524,55617.64705882353,60997.05882352941,65078.57142857143,경기
345,오성면 숙성리,14000.0,11500.0,,,,,경기
346,오전동,41683.79746835443,59483.333333333336,48000.0,50539.28571428572,49187.5,50397.142857142855,경기
347,오학동,19100.0,29943.846153846152,30750.0,31577.777777777777,8316.666666666666,16550.0,경기
348,옥산동,11979.411764705883,14000.0,13000.0,,9400.0,37950.0,경기
349,옥정동,32778.740157480315,45986.36363636364,32603.20512820513,39474.32432432433,40396.72131147541,40222.72727272727,경기
350,와동,,,,35250.0,34000.0,42500.0,경기
351,와동동,39190.890410958906,56576.19047619047,37533.333333333336,44966.666666666664,44894.117647058825,40182.5,경기
352,와부읍 덕소리,50365.57377049181,64288.88888888889,40243.75,42620.0,45457.142857142855,46224.242424242424,경기
353,와부읍 도곡리,50494.28571428572,65100.0,49055.555555555555,41455.555555555555,72526.0,55095.833333333336,경기
354,왕곡동,32121.052631578947,38350.0,35333.333333333336,40000.0,33500.0,49000.0,경기
355,외삼미동,49208.333333333336,58950.0,45483.333333333336,49112.5,51800.0,46625.0,경기
356,용문면 다문리,24112.5,26233.333333333332,20000.0,26285.0,22800.0,24700.0,경기
357,용문면 마룡리,,,,11000.0,,,경기
358,용이동,37377.403846153844,43969.04761904762,39928.57142857143,46033.333333333336,42698.275862068964,38343.24324324324,경기
359,용현동,19611.020408163266,27213.88888888889,27464.285714285714,31918.18181818182,38171.5,30743.478260869564,경기
360,우만동,42919.29824561404,45425.0,22603.571428571428,44861.11111111111,43757.89473684211,30144.736842105263,경기
361,우정읍 조암리,19760.0,16800.0,9950.0,13220.0,25100.0,18477.777777777777,경기
362,운양동,46308.10810810811,56808.4,43562.5,48779.62962962963,48638.88888888889,45179.166666666664,경기
363,운중동,128237.5,122000.0,107000.0,139125.0,127608.33333333333,126194.73684210527,경기
364,운학동,,,8900.0,,11500.0,,경기
365,원곡동,37576.27118644068,45750.0,39583.333333333336,51366.666666666664,49118.181818181816,50840.74074074074,경기
366,원곡면 반제리,10840.0,15300.0,14100.0,12150.0,11000.0,10400.0,경기
367,원곡면 외가천리,18250.0,24230.0,,21200.0,13500.0,19025.0,경기
368,원동,21539.785714285714,31792.105263157893,22269.444444444445,28919.444444444445,27310.29411764706,25647.5,경기
369,원문동,149225.8064516129,130250.0,116027.77777777778,132000.0,145227.27272727274,169281.25,경기
370,원천동,75908.23529411765,76444.44444444444,100516.66666666667,86723.07692307692,75409.09090909091,79895.71428571429,경기
371,원흥동,78207.4074074074,78625.0,66333.33333333333,56533.333333333336,72050.0,71400.0,경기
372,월곶동,18566.06557377049,29875.0,20647.904761904763,17082.125,18450.0,20976.2,경기
373,월송동,12711.111111111111,17400.0,12700.0,14742.857142857143,14300.0,14900.0,경기
374,월피동,23601.470588235294,35188.88888888889,31550.0,28330.0,32858.333333333336,30240.0,경기
375,유방동,13541.176470588236,23500.0,17650.0,17375.0,17500.0,18314.285714285714,경기
376,율전동,28998.115942028984,36375.0,37666.666666666664,40694.444444444445,35525.0,37760.86956521739,경기
377,은계동,12930.76923076923,26066.666666666668,20000.0,23500.0,21000.0,17000.0,경기
378,은행동,39510.95890410959,37217.857142857145,46929.72972972973,46597.67441860465,51311.53846153846,52697.65625,경기
379,의정부동,30725.0,13295.714285714286,19119.04761904762,22577.391304347828,25223.529411764706,39965.217391304344,경기
380,이동,42666.666666666664,50000.0,,42600.0,,50400.0,경기
381,이동읍 송전리,19587.5,30000.0,28300.0,37666.666666666664,29500.0,33000.0,경기
382,이동읍 천리,16692.0,24320.0,20850.0,29328.571428571428,23333.333333333332,28550.0,경기
383,이매동,125476.59574468085,170000.0,110200.0,127833.33333333333,145583.33333333334,127092.0,경기
384,이목동,60823.529411764706,58000.0,41833.333333333336,57820.0,60255.555555555555,57500.0,경기
385,이의동,121403.94736842105,137125.0,108825.0,121495.83333333333,145385.7142857143,117776.92307692308,경기
386,이충동,16971.052631578947,21814.70588235294,19318.42105263158,17455.0,21506.666666666668,21597.5,경기
387,인계동,31503.508771929824,11017.391304347826,26925.0,33865.74074074074,33796.42857142857,33815.38461538462,경기
388,인지동,6900.0,7425.0,8500.0,7400.0,7500.0,8566.666666666666,경기
389,인창동,57062.244897959186,64107.692307692305,54950.0,52970.58823529412,65377.5,58382.5,경기
390,일동면 기산리,6000.0,19750.0,16900.0,7400.0,26000.0,18000.0,경기
391,일산동,35981.95718654434,44033.72093023256,36846.0,38157.142857142855,39026.470588235294,38221.333333333336,경기
392,일죽면 송천리,,11133.333333333334,14166.666666666666,14166.666666666666,11500.0,12200.0,경기
393,일직동,121155.0,110000.0,97625.0,110166.66666666667,110928.57142857143,107750.0,경기
394,입북동,33960.0,68000.0,,43150.0,44080.0,49050.0,경기
395,장곡동,25320.833333333332,41331.25,24157.14285714286,26883.333333333332,47445.454545454544,34361.76470588235,경기
396,장기동,49636.76470588235,57409.09090909091,49223.529411764706,45266.666666666664,48261.11111111111,44390.67796610169,경기
397,장당동,23749.772727272728,27625.0,25833.333333333332,29800.0,26044.444444444445,21675.0,경기
398,장상동,16500.0,,,,25500.0,,경기
399,장안동,25044.444444444445,43000.0,37666.666666666664,33933.333333333336,33300.0,31540.0,경기
400,장안면 사곡리,9500.0,12900.0,,13400.0,14850.0,12000.0,경기
401,장암동,24592.753623188404,,29150.0,34895.454545454544,28093.333333333332,26775.0,경기
402,장지동,58566.666666666664,63616.666666666664,55906.666666666664,59500.0,59760.95238095238,63163.04347826087,경기
403,장항동,53006.25,76350.0,54240.0,70666.66666666667,86047.05882352941,65740.0,경기
404,장현동,23333.333333333332,,39480.0,42083.333333333336,46109.09090909091,51711.76470588235,경기
405,장호원읍 노탑리,,5300.0,11700.0,8300.0,,,경기
406,장호원읍 장호원리,8400.0,15000.0,,7400.0,,16500.0,경기
407,장호원읍 진암리,18100.0,12262.5,15325.0,10520.0,16458.333333333332,17250.0,경기
408,장흥면 부곡리,21371.428571428572,26750.0,29700.0,31900.0,36775.0,35833.333333333336,경기
409,장흥면 일영리,22450.0,25000.0,35000.0,24000.0,,25250.0,경기
410,적성면 구읍리,11000.0,,,,,,경기
411,적성면 마지리,,,,,,5300.0,경기
412,전곡읍 은대리,11000.0,,29000.0,19750.0,27000.0,9650.0,경기
413,전곡읍 전곡리,10382.35294117647,9530.0,8375.0,8300.0,13925.0,14630.588235294117,경기
414,점봉동,10925.555555555555,14266.666666666666,9500.0,13900.0,17500.0,12858.333333333334,경기
415,정남면 덕절리,,,,,17000.0,19700.0,경기
416,정남면 발산리,9912.5,11580.0,10500.0,11525.0,14160.0,9850.0,경기
417,정왕동,19919.342857142856,31215.686274509804,23921.62162162162,25811.827956989247,25507.40740740741,26715.303030303032,경기
418,정자동,70890.45197740113,93267.74193548386,60576.206896551725,75630.76923076923,89625.20202020202,84393.1654676259,경기
419,조남동,53750.0,64062.5,49700.0,53525.0,49270.0,48300.0,경기
420,조리읍 대원리,23242.59259259259,35677.77777777778,,27033.333333333332,26944.444444444445,27862.5,경기
421,조리읍 봉일천리,16601.136363636364,25756.666666666668,21700.0,12733.333333333334,23871.428571428572,18493.75,경기
422,조원동,44838.392857142855,45791.666666666664,37600.0,48053.333333333336,47837.5,48811.53846153846,경기
423,조종면 현리,,,7000.0,,,,경기
424,주교동,26547.36842105263,25454.0,27100.0,24746.5,32460.0,25000.0,경기
425,주엽동,38269.36936936937,56543.333333333336,48863.63636363636,45539.13043478261,41870.967741935485,43365.90909090909,경기
426,죽백동,35948.101265822785,49212.5,38750.0,41580.0,43262.5,41346.666666666664,경기
427,죽산면 장원리,7583.333333333333,7850.0,10750.0,6550.0,9450.0,9037.5,경기
428,죽산면 죽산리,,3700.0,,,,,경기
429,죽율동,32150.0,45610.0,34000.0,36460.0,38833.333333333336,38387.5,경기
430,죽전동,65267.87439613527,62295.833333333336,53827.5,61566.21621621621,61910.63829787234,65631.66666666667,경기
431,중동,54362.380952380954,55778.260869565216,44787.5,52122.41379310345,55555.882352941175,51870.58823529412,경기
432,중리동,15501.866666666667,18275.0,13884.0,23000.0,14057.142857142857,17780.0,경기
433,중산동,32267.941176470587,45214.28571428572,42216.666666666664,40295.0,35543.75,35523.61111111111,경기
434,중앙동,120977.77777777778,117250.0,165000.0,138900.0,106584.61538461539,150211.76470588235,경기
435,증일동,30666.666666666668,47750.0,35500.0,,,,경기
436,증포동,26113.714285714286,31034.0,29308.333333333332,32935.0,29400.0,29987.5,경기
437,지곡동,31654.545454545456,43300.0,34333.333333333336,35666.666666666664,,32866.666666666664,경기
438,지곶동,33075.0,49700.0,52000.0,33000.0,32550.0,30863.636363636364,경기
439,지동,20284.0,,7500.0,6633.333333333333,39200.0,,경기
440,지산동,13367.1875,18918.055555555555,27520.0,27443.75,17960.0,20108.333333333332,경기
441,지제동,,,,76875.0,79500.0,64333.333333333336,경기
442,지축동,88000.0,119000.0,98000.0,84037.5,79370.0,86880.0,경기
443,지행동,16844.425087108015,27071.428571428572,23383.333333333332,22172.5,22337.5,19388.46153846154,경기
444,진건읍 신월리,20000.0,43500.0,,,23000.0,23000.0,경기
445,진건읍 용정리,17796.428571428572,29875.0,,22900.0,22808.333333333332,23600.0,경기
446,진건읍 진관리,35500.0,,36000.0,,39000.0,,경기
447,진안동,24916.666666666668,,23175.0,33240.0,32911.11111111111,31470.0,경기
448,진위면 가곡리,5100.0,6500.0,7000.0,8800.0,,8350.0,경기
449,진위면 갈곶리,12050.0,18666.666666666668,21000.0,,13900.0,18000.0,경기
450,진위면 견산리,5466.666666666667,9478.57142857143,11225.0,10350.0,8860.0,10133.333333333334,경기
451,진접읍 금곡리,42841.07142857143,56307.142857142855,41610.0,40460.0,46811.11111111111,46518.181818181816,경기
452,진접읍 내각리,19600.0,36500.0,,,30000.0,26750.0,경기
453,진접읍 부평리,32806.25,,10500.0,40909.09090909091,38975.0,40140.0,경기
454,진접읍 연평리,45000.0,63000.0,48000.0,,44000.0,,경기
455,진접읍 장현리,24612.222222222223,31350.0,24333.333333333332,23787.5,27038.88888888889,29900.0,경기
456,진접읍 진벌리,22911.11111111111,32000.0,27933.333333333332,22000.0,23000.0,23720.0,경기
457,진접읍 팔야리,,9000.0,,,,8000.0,경기
458,창곡동,137898.6301369863,155714.2857142857,107041.66666666667,119977.77777777778,149184.61538461538,141538.88888888888,경기
459,창우동,67373.86363636363,78300.0,72000.0,60925.0,61107.142857142855,64591.666666666664,경기
460,창전동,11485.0,15716.666666666666,15966.666666666666,18500.0,19500.0,13633.333333333334,경기
461,천송동,26541.666666666668,,,44600.0,43000.0,35333.333333333336,경기
462,천천동,49574.333333333336,52600.0,57100.0,50976.92307692308,51109.52380952381,51764.0,경기
463,철산동,74838.29787234042,100527.27272727272,76138.46153846153,83425.92592592593,68346.05263157895,84030.90909090909,경기
464,청계동,84044.26229508196,96446.66666666667,69115.625,82353.44827586207,85717.94871794872,90235.52631578948,경기
465,청덕동,41962.5,50000.0,46000.0,37500.0,40900.0,42414.28571428572,경기
466,청북읍 옥길리,18227.272727272728,24392.0,21469.444444444445,20675.0,19525.0,20268.51851851852,경기
467,청산면 백의리,,8233.333333333334,,7900.0,7800.0,9150.0,경기
468,청평면 청평리,18837.5,21834.615384615383,24333.333333333332,26660.0,21266.666666666668,20054.545454545456,경기
469,청호동,25311.11111111111,43400.0,28500.0,30900.0,31500.0,29680.0,경기
470,초월읍 대쌍령리,20600.0,38100.0,42000.0,35200.0,36750.0,33465.38461538462,경기
471,초월읍 도평리,26700.0,32500.0,27466.666666666668,25200.0,25600.0,25125.0,경기
472,초월읍 산이리,32191.666666666668,30500.0,,28625.0,30533.333333333332,32416.666666666668,경기
473,초월읍 쌍동리,41800.0,58150.0,48000.0,39400.0,41380.0,43691.666666666664,경기
474,초월읍 용수리,21750.0,,,,,,경기
475,초월읍 지월리,19790.0,25900.0,24000.0,22000.0,,,경기
476,초지동,36598.882681564246,47491.17647058824,41963.333333333336,39194.59459459459,44027.27272727273,39767.0,경기
477,추자동,41000.0,,,34250.0,,,경기
478,칠괴동,17200.0,31320.0,,,,,경기
479,칠원동,29178.030303030304,37982.35294117647,32962.5,31951.923076923078,28721.052631578947,33065.0,경기
480,탄벌동,37030.30303030303,53560.0,36400.0,44433.333333333336,46500.0,43400.0,경기
481,탄현동,35422.37903225807,52535.71428571428,37106.0,33763.09523809524,39630.208333333336,33108.03571428572,경기
482,탄현면 법흥리,23000.0,,,,,,경기
483,탑동,25264.285714285714,25175.0,25500.0,18100.0,28420.0,27616.666666666668,경기
484,태전동,51197.84482758621,56118.181818181816,45229.41176470588,44120.0,46404.545454545456,46233.333333333336,경기
485,태평동,47431.57894736842,81125.0,70000.0,42862.5,56301.8,59883.333333333336,경기
486,토당동,47490.6976744186,57000.0,37300.0,43466.666666666664,60213.333333333336,55500.0,경기
487,토평동,71166.66666666667,77850.0,,64000.0,80044.44444444444,64225.0,경기
488,통복동,19000.0,15480.0,13733.333333333334,10530.054794520547,19333.333333333332,27250.0,경기
489,통진읍 도사리,20983.333333333332,,,23500.0,24400.0,25950.0,경기
490,통진읍 마송리,20042.85714285714,22411.5,23300.0,27414.285714285714,27028.571428571428,28125.0,경기
491,통진읍 서암리,,,,,,17900.0,경기
492,퇴계원읍 퇴계원리,40919.0,49100.0,51400.0,43633.333333333336,44768.75,42817.64705882353,경기
493,파장동,19970.0,23800.0,20875.0,,23750.0,32620.0,경기
494,파주읍 연풍리,20750.0,22500.0,21600.75,22000.0,,20100.0,경기
495,파주읍 파주리,,9300.0,,,,,경기
496,판교동,132476.25925925927,126666.66666666667,112750.0,129416.66666666667,143227.77777777778,135825.0,경기
497,팔탄면 가재리,6866.666666666667,10043.75,9000.0,12166.666666666666,9850.0,12633.333333333334,경기
498,팽성읍 객사리,,4000.0,6250.0,,,,경기
499,팽성읍 송화리,16000.0,19423.076923076922,31000.0,22411.11111111111,19300.0,24577.777777777777,경기
500,팽성읍 안정리,18050.0,18155.0,8420.0,30525.0,34260.0,34533.333333333336,경기
501,팽성읍 평궁리,,7150.0,7800.0,7950.0,,,경기
502,평내동,29439.325842696628,40866.666666666664,37786.36363636364,34717.391304347824,39569.354838709674,39566.17647058824,경기
503,평동,54040.0,58000.0,,49000.0,41500.0,46600.0,경기
504,평촌동,73205.93220338984,88250.0,66545.45454545454,76332.85714285714,78521.81818181818,79459.85915492958,경기
505,평택동,23760.0,19500.0,11133.333333333334,7685.375,,9250.0,경기
506,포곡읍 둔전리,14975.675675675675,32450.0,35400.0,16012.5,22814.285714285714,25536.363636363636,경기
507,포곡읍 삼계리,21154.166666666668,8850.0,9400.0,,,22500.0,경기
508,포곡읍 영문리,22220.0,27000.0,,22000.0,,,경기
509,포곡읍 전대리,9012.0,,,15000.0,,,경기
510,포동,16698.14814814815,34233.333333333336,21833.333333333332,25200.0,18750.0,17400.0,경기
511,포승읍 내기리,12000.0,15000.0,16650.0,17250.0,,,경기
512,포승읍 도곡리,10389.285714285714,10542.857142857143,13075.0,13609.375,12638.461538461539,12311.111111111111,경기
513,포승읍 만호리,7620.0,5490.0,5957.0,7209.428571428572,7171.428571428572,6150.0,경기
514,포승읍 방림리,,17500.0,,18000.0,,,경기
515,포승읍 석정리,,,6550.0,7000.0,,6900.0,경기
516,포일동,70094.66666666667,87000.0,84546.15384615384,82513.57142857143,91092.85714285714,83970.73170731707,경기
517,풍덕천동,75938.51674641148,93696.15384615384,67543.75,75630.26315789473,78734.45945945945,76084.25196850394,경기
518,풍동,36456.147540983606,49911.11111111111,42400.0,46627.77777777778,41082.65,41234.0,경기
519,풍무동,46967.391304347824,48406.666666666664,42987.93103448276,40473.260869565216,46042.42424242424,45655.633802816905,경기
520,풍산동,105120.0,123800.0,82276.4705882353,92562.5,94336.66666666667,93891.30434782608,경기
521,하갈동,34343.75,43500.0,42000.0,40333.333333333336,39833.333333333336,37075.0,경기
522,하대원동,59323.529411764706,45975.0,65250.0,64332.5,64375.0,56375.0,경기
523,하동,97668.42105263157,86714.28571428571,90650.0,100385.71428571429,116376.92307692308,84960.0,경기
524,하상동,20977.083333333332,33425.0,25800.0,21760.0,28816.666666666668,28390.909090909092,경기
525,하성면 마곡리,,,,30500.0,,28500.0,경기
526,하안동,54392.281879194634,82876.66666666667,37173.333333333336,51344.0,54267.307692307695,61438.793103448275,경기
527,하중동,21500.0,53000.0,27300.0,29571.428571428572,22250.0,22781.25,경기
528,학암동,131473.33333333334,157900.0,96812.5,116733.33333333333,131583.33333333334,133571.42857142858,경기
529,학의동,96083.33333333333,,71400.0,79440.0,73714.28571428571,79900.0,경기
530,합정동,16054.6875,20565.29411764706,29566.666666666668,26886.666666666668,27576.923076923078,28775.0,경기
531,행신동,35051.79063360881,49870.454545454544,39506.666666666664,40671.041666666664,44651.470588235294,41525.97402597403,경기
532,향남읍 발안리,18100.0,29688.88888888889,22733.333333333332,23600.0,22062.5,24458.333333333332,경기
533,향남읍 상신리,,,,,,45400.0,경기
534,향남읍 장짐리,19400.0,15650.0,26000.0,28700.0,25650.0,26833.333333333332,경기
535,향남읍 하길리,30000.0,54250.0,,37600.0,36580.0,39600.0,경기
536,향남읍 행정리,36208.333333333336,43920.0,36766.666666666664,37421.42857142857,38375.0,39413.63636363636,경기
537,향동동,48642.75,90000.0,72375.0,68550.0,71291.30434782608,65075.0,경기
538,현덕면 권관리,,,4000.0,10800.0,,,경기
539,현덕면 인광리,,8000.0,,7700.0,,,경기
540,현암동,15588.033333333333,10914.285714285714,6900.0,23912.5,23750.0,11020.0,경기
541,호계동,62039.5625,58708.333333333336,50710.52631578947,69029.16666666667,70229.48717948717,67681.73076923077,경기
542,호매실동,40804.6875,61600.0,43650.0,41555.357142857145,45825.757575757576,46410.606060606064,경기
543,호법면 유산리,12350.0,17000.0,14500.0,15070.0,14500.0,14700.0,경기
544,호원동,33576.78571428572,45700.0,32657.14285714286,36208.57142857143,35584.72222222222,35478.301886792455,경기
545,호평동,40539.10256410256,49060.0,37705.555555555555,44095.65217391304,41489.18918918919,39786.12903225807,경기
546,홍문동,11422.222222222223,17100.0,14000.0,16505.0,15825.0,13350.0,경기
547,화도읍 가곡리,22750.0,,30000.0,26300.0,25000.0,25900.0,경기
548,화도읍 녹촌리,41677.77777777778,45088.88888888889,41166.666666666664,40840.0,28850.0,30450.0,경기
549,화도읍 마석우리,32383.695652173912,42500.0,,36228.57142857143,32241.666666666668,32195.0,경기
550,화도읍 묵현리,27708.163265306124,33442.857142857145,29842.85714285714,34175.0,27400.0,25337.5,경기
551,화도읍 월산리,31128.571428571428,43600.0,41000.0,37375.0,,32550.0,경기
552,화도읍 차산리,31370.0,38750.0,,39000.0,,35071.42857142857,경기
553,화도읍 창현리,27411.290322580644,30125.0,21300.0,33087.5,24900.0,28290.909090909092,경기
554,화서동,47325.61728395062,56662.5,41133.333333333336,44100.0,49845.65217391304,49650.0,경기
555,화정동,37906.59090909091,54661.53846153846,44742.857142857145,41470.833333333336,40764.583333333336,44189.43661971831,경기
556,회덕동,24025.0,30750.0,,26800.0,,,경기
557,회정동,18223.333333333332,24450.0,,31355.0,24300.0,43000.0,경기
