지역,법정동,거래금액_2020,거래금액_2021,거래금액_2022,거래금액_2023,거래금액_2024,거래금액_2025
서울,가락동,128026.27118644067,168000.0,127614.28571428572,163600.0,156911.90476190476,168680.92105263157
서울,가산동,25238.666666666668,21620.0,15125.0,32680.0,68000.0,40060.0
서울,가양동,74722.66666666667,109275.0,91766.66666666669,76400.0,80108.69565217392,75619.23076923077
서울,갈현동,49490.0,46500.0,37000.0,54250.0,45143.0,61483.333333333336
서울,강일동,97096.0,112666.66666666669,71125.0,85000.0,92000.0,88550.0
서울,개봉동,67216.39344262295,74500.0,55325.0,66915.0,64072.41379310345,64171.27659574468
서울,개포동,181784.375,254200.0,159833.33333333334,146811.11111111112,233438.0,253132.1052631579
서울,거여동,87324.0,105425.0,100000.0,109291.81818181818,114866.66666666669,119957.8947368421
서울,견지동,122000.0,,,,,
서울,고덕동,146526.92307692306,148128.57142857142,122456.66666666669,128813.04347826086,160435.29411764705,158012.12121212122
서울,고척동,63361.53846153846,86000.0,75500.0,66983.33333333333,55784.61538461538,58350.0
서울,공덕동,152225.0,143416.66666666666,109454.54545454546,112500.0,124050.0,139401.28205128206
서울,공릉동,55240.13157894737,58550.0,44176.92307692308,49319.35483870968,61484.72222222222,58158.0
서울,공항동,,,70000.0,,47200.0,49800.0
서울,광장동,136652.43902439025,141000.0,110433.33333333331,111445.45454545454,147385.1851851852,151826.31578947368
서울,교북동,,80000.0,,102000.0,,
서울,구로동,46972.87431693989,38010.22727272727,43361.53846153846,52370.68965517241,62881.395348837206,54982.03125
서울,구산동,56933.333333333336,60450.0,,49150.0,45625.0,41562.5
서울,구의동,119683.87096774194,112500.0,105666.66666666669,134150.0,115900.0,127257.14285714286
서울,군자동,79000.0,127000.0,,111000.0,73500.0,70000.0
서울,궁동,41000.0,,,,,
서울,금호동1가,135988.88888888888,121500.0,120000.0,115000.0,125181.81818181818,152447.36842105264
서울,금호동2가,137025.0,,95166.66666666669,114500.0,149875.0,153048.0
서울,금호동3가,113285.0,100000.0,,93166.66666666669,115125.0,109333.33333333331
서울,금호동4가,138150.96,153875.0,130000.0,132375.0,167327.27272727274,166058.62068965516
서울,길동,64044.59459459459,24703.33333333333,10000.0,56221.1,41485.8813559322,63500.0
서울,길음동,95835.91549295776,111940.0,74750.0,89514.28571428571,87254.41176470589,89517.96875
서울,남가좌동,119524.44444444444,66640.0,84357.14285714286,89300.0,107962.5,99680.64516129032
서울,남창동,,,,,,39000.0
서울,남현동,71358.33333333333,58000.0,,82500.0,57000.0,
서울,내곡동,161750.0,,,,143500.0,143500.0
서울,내발산동,85775.75757575757,83333.33333333333,76000.0,80183.33333333333,104377.77777777778,93113.15789473684
서울,냉천동,98928.57142857143,130000.0,,108000.0,,119000.0
서울,노고산동,38499.66666666666,25400.0,27200.0,26900.0,,27500.0
서울,노량진동,97800.0,41600.0,54000.0,61515.38461538462,106742.85714285714,104900.0
서울,녹번동,103212.0,122400.0,87150.0,88783.33333333333,,80828.57142857143
서울,논현동,110372.0,81660.0,,81900.0,203736.36363636365,186711.11111111112
서울,누상동,,,19000.0,,,
서울,답십리동,94498.35164835164,43381.81818181818,84350.0,79278.57142857143,79753.125,98659.70149253732
서울,당산동,84571.42857142857,49516.66666666666,51400.0,71500.0,108928.57142857143,98633.33333333331
서울,당산동1가,68400.0,122000.0,,,83300.0,90375.0
서울,당산동2가,82316.66666666667,122000.0,55000.0,106000.0,92125.0,45150.0
서울,당산동3가,96863.63636363635,,,,100925.0,92812.5
서울,당산동4가,119750.0,113500.0,119000.0,102300.0,111772.72727272728,119406.25
서울,당산동5가,131306.5909090909,166500.0,28500.0,158250.0,142826.66666666666,152329.16666666666
서울,당산동6가,,17000.0,,,,
서울,대림동,74203.21428571429,35012.5,59822.857142857145,69425.0,70145.0,77775.0
서울,대방동,92206.66666666669,80425.0,59766.66666666666,90620.0,79055.55555555556,107273.33333333331
서울,대조동,26830.76923076923,39310.0,33200.0,14900.0,22080.0,36600.0
서울,대치동,243847.31578947368,327666.6666666667,201208.3333333333,247533.3333333333,369072.0,329574.4680851064
서울,대현동,67260.0,22900.0,24700.0,86500.0,82600.0,86672.72727272728
서울,대흥동,139166.66666666666,140125.0,,116816.66666666669,84750.0,149158.82352941178
서울,도곡동,214868.57142857145,247250.0,199875.0,213023.0769230769,301318.91891891893,262303.8461538461
서울,도림동,102366.66666666669,,,141750.0,,115950.0
서울,도봉동,48707.69230769231,56300.0,44000.0,54514.28571428572,52492.307692307695,49920.0
서울,도선동,97500.0,,,,96000.0,
서울,도원동,122060.0,70000.0,,103250.0,130166.66666666669,133700.0
서울,도화동,107493.9393939394,119900.0,119500.0,,104800.0,131154.54545454544
서울,독산동,37540.425531914894,59285.71428571428,64768.75,50814.28571428572,83018.18181818182,72968.42105263157
서울,돈암동,80490.21739130435,76290.0,55700.0,71225.43478260869,73373.91304347826,72947.91666666667
서울,동빙고동,,,,200000.0,180000.0,
서울,동선동1가,,,,,,70000.0
서울,동선동5가,,,,32500.0,,
서울,동소문동4가,58500.0,,,,53000.0,78000.0
서울,동소문동5가,,21500.0,,64000.0,22500.0,21000.0
서울,동소문동6가,,,,21000.0,,20000.0
서울,동소문동7가,,,,,72000.0,80250.0
서울,동자동,110000.0,,,,44000.0,
서울,동작동,129540.0,150000.0,,115000.0,111766.66666666669,162000.0
서울,둔촌동,93865.90909090907,60000.0,,98540.0,104083.33333333331,108499.45454545454
서울,등촌동,79295.0,82220.0,63500.0,66494.11764705883,70645.45454545454,75146.15384615384
서울,마곡동,97698.07692307692,130200.0,110328.57142857143,101611.11111111112,116818.18181818182,123000.0
서울,마장동,92602.38095238096,125000.0,,87571.42857142857,100866.66666666669,103600.0
서울,마천동,74658.33333333333,52316.66666666666,,82000.0,92500.0,107000.0
서울,마포동,90333.33333333331,,,52000.0,,93500.0
서울,만리동1가,82000.0,,,,,143000.0
서울,만리동2가,151000.0,183000.0,145000.0,143100.0,175000.0,166000.0
서울,망우동,41720.0,50900.0,31000.0,62666.66666666666,52200.0,61014.28571428572
서울,망원동,72441.66666666667,70400.0,34800.0,69260.0,130500.0,98125.0
서울,면목동,58877.77777777778,63470.0,47725.0,60546.66666666666,59957.142857142855,84304.34782608696
서울,명륜1가,84000.0,,,,,
서울,명륜2가,98200.0,112500.0,,,122500.0,65000.0
서울,명일동,114918.54166666669,148450.0,98833.33333333331,113436.36363636365,132017.5,125813.95348837208
서울,목동,134851.19047619047,144833.33333333334,86277.77777777778,141256.66666666666,158279.5918367347,146650.0
서울,무악동,120818.0,138000.0,75000.0,139000.0,123500.0,132844.61538461538
서울,묵동,69147.22222222222,87857.14285714286,58000.0,50508.333333333336,63665.38461538462,72776.92307692308
서울,묵정동,42900.0,,,,50200.0,
서울,문래동2가,,,,85000.0,86000.0,
서울,문래동3가,119275.0,147500.0,,,125342.85714285714,96771.42857142857
서울,문래동4가,71900.0,100500.0,,94000.0,79800.0,94000.0
서울,문래동5가,82671.42857142857,,,,73040.0,96450.0
서울,문래동6가,71114.28571428571,79550.0,,65000.0,73125.0,64500.0
서울,문배동,122668.42105263156,59360.0,134000.0,103600.0,157000.0,126500.0
서울,문정동,161501.69491525425,120000.0,136666.66666666666,159288.23529411765,137642.85714285713,162476.4705882353
서울,미아동,77066.11570247934,47700.0,59277.77777777778,61416.66666666666,70720.68965517242,68737.75510204081
서울,반포동,281513.19587628864,391846.1538461539,384500.0,367576.9230769231,467935.1351351352,433842.5925925926
서울,방배동,180385.29411764705,164384.0,145120.0,180093.33333333334,204268.75,203671.5909090909
서울,방이동,176392.3076923077,117400.0,171500.0,185714.2857142857,216989.5833333333,208368.75
서울,방학동,48189.375,56030.769230769234,60000.0,53487.5,49125.0,44222.22222222222
서울,방화동,57395.27027027027,48590.90909090909,36400.0,52741.66666666666,54867.77777777778,52506.06060606061
서울,번동,55491.379310344826,67500.0,,50925.0,47872.22222222222,42128.125
서울,보광동,181333.3333333333,,100000.0,,280000.0,234166.66666666663
서울,보문동1가,,,,,141000.0,107000.0
서울,보문동2가,50000.0,,,,,
서울,보문동3가,101850.0,,,73000.0,,86000.0
서울,보문동6가,92466.66666666669,,,85250.0,,89361.11111111111
서울,본동,113587.5,122750.0,120500.0,108775.0,114625.0,114363.63636363635
서울,봉천동,81756.35036496351,73150.0,70958.33333333333,57241.66666666666,79668.8679245283,86429.22077922078
서울,부암동,46500.0,,,,,
서울,북가좌동,117737.5,53250.0,97000.0,93333.33333333331,73312.5,114807.14285714286
서울,북아현동,139840.9090909091,141538.88888888888,100000.0,103266.66666666669,54775.5974025974,127227.77777777778
서울,불광동,77750.0,59912.5,49666.66666666666,68500.0,51100.0,73285.18518518518
서울,사근동,50000.0,,,16400.0,16950.0,45116.66666666666
서울,사당동,103641.66666666669,123250.0,65400.0,112678.57142857143,101243.75,109498.57142857143
서울,사직동,142500.0,,,179000.0,,209500.0
서울,산천동,110554.54545454546,106000.0,90000.0,103333.33333333331,103500.0,104700.0
서울,삼선동2가,87233.33333333333,,,74500.0,77166.66666666667,78085.71428571429
서울,삼선동3가,105600.0,,,,,102250.0
서울,삼선동4가,,65000.0,,86000.0,,85000.0
서울,삼성동,166141.875,274850.0,222666.66666666663,264572.7272727273,195542.85714285716,305333.3333333333
서울,삼전동,44700.0,,51000.0,,,57500.0
서울,상계동,55205.218658892125,73900.0,47794.444444444445,52582.45614035088,53957.57575757576,54965.48672566372
서울,상도1동,,40000.0,,,,
서울,상도동,115048.71794871795,111995.83333333331,89833.33333333333,103910.0,103156.52173913045,123765.0
서울,상봉동,63295.454545454544,51716.66666666666,34112.5,37866.66666666666,67944.73684210527,57461.11111111111
서울,상수동,164750.0,165500.0,140000.0,,210000.0,199600.0
서울,상암동,106548.0,151571.42857142858,89500.0,109700.0,101733.33333333331,112000.0
서울,상왕십리동,141750.0,134000.0,,,24000.0,173000.0
서울,상월곡동,76566.66666666667,70600.0,69000.0,62000.0,65050.0,60500.0
서울,상일동,121051.51515151517,137125.0,104630.0,120980.0,133109.0909090909,135686.88524590165
서울,서교동,82193.33333333333,117500.0,85000.0,113900.0,44000.0,56566.66666666666
서울,서빙고동,269500.0,,,141500.0,,362500.0
서울,서초동,166136.84210526315,123558.62068965516,203093.75,201828.0,227378.0487804878,276098.3606557377
서울,석관동,80965.21739130435,72000.0,72000.0,70072.72727272728,85500.0,84972.72727272728
서울,석촌동,97100.0,28800.0,,80500.0,71850.0,79566.66666666667
서울,성내동,79836.76470588235,114845.45454545454,145500.0,90475.0,75125.0,79038.23529411765
서울,성북동,18100.0,,,,,
서울,성북동1가,120000.0,16000.0,,,,182500.0
서울,성산동,92733.33333333331,87400.0,83250.0,84366.66666666667,93800.0,95139.28571428572
서울,성수동1가,183309.0909090909,264666.6666666667,110000.0,191600.0,217045.45454545456,346875.0
서울,성수동2가,156000.0,126000.0,,275000.0,175700.0,204580.0
서울,세곡동,136750.0,158000.0,,134000.0,134500.0,154500.0
서울,송정동,94666.66666666669,,,105833.33333333331,62150.0,102750.0
서울,송파동,145466.66666666666,155166.66666666666,,127500.0,158685.7142857143,148736.84210526315
서울,수색동,80463.63636363637,89250.0,65800.0,78481.66666666667,96333.33333333331,93906.25
서울,수서동,138079.3103448276,146857.14285714287,95000.0,126785.71428571428,152500.0,136153.84615384616
서울,수유동,44821.42857142857,34833.333333333336,22187.671232876717,39788.88888888889,25175.0,41773.333333333336
서울,순화동,87500.0,80000.0,110000.0,100000.0,176400.0,
서울,숭인동,66916.66666666667,11350.0,43000.0,27350.0,85500.0,39300.0
서울,시흥동,56292.24137931035,65858.33333333333,32250.0,57335.71428571428,53092.0,56538.46153846154
서울,신계동,177200.0,,,,155650.0,209750.0
서울,신공덕동,117263.15789473684,100300.0,130000.0,120000.0,132437.5,126100.0
서울,신길동,98609.43396226416,90066.66666666667,42193.75,103429.41176470587,105165.11111111112,110825.37313432836
서울,신내동,57373.94366197183,62325.0,40200.0,53111.11111111111,57148.4375,47748.27586206896
서울,신당동,107081.25,92850.0,91500.0,95826.92307692308,112268.29268292684,117960.90909090907
서울,신대방동,105710.0,129000.0,98250.0,96800.0,101657.29166666669,100989.28571428572
서울,신도림동,102613.11475409837,113100.0,81750.0,104845.45454545454,111833.33333333331,97320.0
서울,신림동,57876.78571428572,58239.28571428572,14450.0,50989.09090909091,64495.357142857145,57798.717948717946
서울,신문로2가,230000.0,,,280000.0,,
서울,신사동,100057.8947368421,74880.0,75300.0,71550.0,58870.083333333336,60007.142857142855
서울,신설동,49000.0,,,,75400.0,77000.0
서울,신수동,101318.18181818182,161375.0,,161666.66666666666,125235.71428571428,137500.0
서울,신영동,30000.0,,,,,
서울,신원동,142941.66666666666,,,,120000.0,154500.0
서울,신월동,56794.8275862069,64400.0,51971.42857142857,71030.76923076923,61868.96551724138,68185.36585365854
서울,신정동,112143.11258278144,132273.68421052632,117964.28571428572,124940.0,122747.54098360657,123459.40594059406
서울,신천동,202363.51351351352,93950.0,162150.0,194208.3333333333,236240.74074074076,217953.1914893617
서울,쌍문동,43316.21621621621,54325.0,35500.0,41631.81818181818,43923.80952380953,44195.833333333336
서울,아현동,155857.14285714287,180000.0,121166.66666666669,133670.0,145070.58823529413,178357.44680851063
서울,안암동1가,85500.0,123000.0,,,90000.0,72500.0
서울,안암동3가,21000.0,,,,41166.66666666666,
서울,안암동4가,29000.0,,,,,
서울,암사동,123340.24390243902,123522.22222222222,82214.28571428571,102984.375,117654.34782608696,119365.17857142857
서울,압구정동,307652.8735632184,425400.0,426666.6666666667,479000.0,538071.4285714285,591411.7647058824
서울,양재동,78428.57142857143,100666.66666666669,,79000.0,94266.66666666669,102800.0
서울,양평동1가,78600.0,,30000.0,79000.0,75750.0,84333.33333333333
서울,양평동2가,75850.0,,,,71666.66666666667,66525.0
서울,양평동3가,85794.73684210527,93900.0,64500.0,87500.0,95000.0,94541.66666666669
서울,양평동4가,66325.0,,65000.0,,,80100.0
서울,양평동5가,94512.5,95000.0,69475.0,83000.0,84960.0,91685.71428571428
서울,양평동6가,74100.0,95000.0,,,61866.66666666666,73433.33333333333
서울,여의도동,196892.5,316000.0,190333.3333333333,224318.18181818185,331773.3333333333,340895.8333333333
서울,역삼동,141553.0612244898,171618.18181818182,94666.66666666669,153733.33333333334,196264.70588235292,259265.45454545456
서울,역촌동,52013.63636363636,45166.66666666666,36625.0,,58362.5,50770.0
서울,연건동,19000.0,,19850.0,,,
서울,연남동,89333.33333333333,52000.0,60000.0,105000.0,,78000.0
서울,연희동,72128.57142857143,51150.0,67650.0,59060.0,88244.44444444444,71416.66666666667
서울,염리동,112345.45454545454,130285.71428571428,103000.0,127500.0,178846.15384615384,172818.18181818182
서울,염창동,83813.49206349206,96662.5,82500.0,77523.5294117647,85284.21052631579,79345.45454545454
서울,영등포동,90152.0,106383.33333333331,,93042.85714285714,101325.0,104475.0
서울,영등포동1가,22840.0,12516.666666666666,12815.0,19000.0,,35500.0
서울,영등포동2가,26200.0,15000.0,16000.0,13900.0,31500.0,
서울,영등포동3가,,11500.0,,10500.0,,
서울,영등포동4가,12000.0,13666.666666666666,,,,
서울,영등포동5가,,,,,54000.0,
서울,영등포동7가,105800.0,,93000.0,137550.0,96940.0,124431.81818181818
서울,영등포동8가,91180.0,,13500.0,102500.0,94000.0,110936.36363636365
서울,영천동,100700.0,75000.0,,81000.0,,105000.0
서울,예장동,,89500.0,,,,
서울,오금동,120926.38888888888,133966.66666666666,167041.0,120555.55555555556,114473.33333333331,130022.22222222222
서울,오류동,50733.333333333336,39320.0,29240.0,45971.42857142857,52644.444444444445,48736.66666666666
서울,오장동,,15000.0,,,,30000.0
서울,옥수동,143390.7380952381,163833.33333333334,130875.0,152907.6923076923,174700.0,179003.77358490566
서울,온수동,71385.71428571429,,,78000.0,,80500.0
서울,용강동,164700.0,130000.0,,139500.0,190533.3333333333,169900.0
서울,용답동,81000.0,,,,,
서울,용두동,77775.26315789473,37680.0,82150.0,73637.5,93705.88235294116,99764.70588235294
서울,용문동,142000.0,145000.0,,,,
서울,용산동2가,94000.0,,,,,
서울,용산동5가,248712.5,320000.0,,310000.0,,
서울,우면동,98210.31746031746,165250.0,,111500.0,143544.44444444444,125400.0
서울,우이동,52000.0,45500.0,,,41500.0,58400.0
서울,원효로1가,150400.0,,,,195360.0,92000.0
서울,원효로2가,28000.0,,,,,
서울,원효로4가,119166.66666666669,,130000.0,,205000.0,181000.0
서울,월계동,66515.08196721312,71237.5,60650.0,66466.66666666667,64427.083333333336,64973.01587301587
서울,율현동,127500.0,,,,,
서울,을지로5가,74500.0,,,,,78500.0
서울,응봉동,112761.11111111112,,64700.0,103450.0,105571.42857142857,116029.16666666669
서울,응암동,72461.29032258065,88800.0,72222.22222222222,67306.25,70968.75,88642.5
서울,이문동,76130.0,90333.33333333331,64500.0,62287.5,70933.33333333333,75945.65217391304
서울,이촌동,183647.09433962265,317000.0,212500.0,234637.5,250993.9523809524,225057.17647058825
서울,이태원동,191181.81818181815,400000.0,,,,176250.0
서울,익선동,,,,,43500.0,70000.0
서울,인현동2가,42000.0,,,34500.0,,64250.0
서울,일원동,201520.58823529413,202500.0,189333.3333333333,199000.0,264937.5,235000.0
서울,입정동,,,,,99000.0,
서울,자곡동,131335.1851851852,195500.0,175000.0,112500.0,147311.11111111112,148614.2857142857
서울,자양동,121076.4705882353,147375.0,141943.4,146782.35294117648,134679.04761904763,138013.33333333334
서울,잠실동,218506.75675675675,246583.3333333333,201993.3333333333,198057.57575757572,254891.66666666663,253851.66666666663
서울,잠원동,212189.010989011,270187.5,191500.0,236033.3333333333,325290.625,326120.0
서울,장안동,65020.0,70292.85714285714,88666.66666666667,68306.25,66300.0,75822.05882352941
서울,장위동,66840.0,25215.0,74225.0,69744.44444444444,110500.0,94657.14285714286
서울,장지동,135787.75510204083,127940.0,101916.66666666669,113000.0,122853.33333333331,127195.83333333331
서울,전농동,113847.36842105264,132340.0,106666.66666666669,85000.0,84752.94117647059,99780.64516129032
서울,정동,60000.0,,,40716.66666666666,33000.0,27000.0
서울,정릉동,68890.13157894737,67291.66666666667,32582.352941176472,55121.42857142857,55950.0,59510.71428571428
서울,제기동,77981.81818181818,17000.0,,63616.66666666666,69075.0,77842.30769230769
서울,종암동,82544.11764705883,89755.55555555556,66450.0,84916.66666666667,76742.30769230769,77627.27272727272
서울,중계동,69884.26966292135,79800.0,81575.0,71515.38461538461,64783.333333333336,69756.48148148147
서울,중곡동,53460.0,,50000.0,,43900.0,40400.0
서울,중동,92828.57142857143,93333.33333333331,81500.0,69000.0,71500.0,86283.33333333333
서울,중림동,129875.0,,,,102000.0,124000.0
서울,중화동,63094.117647058825,68875.0,,62970.0,48000.0,63083.333333333336
서울,증산동,69350.0,,11650.0,57900.0,102360.0,63400.0
서울,진관동,92979.09090909093,94083.33333333331,94000.0,79381.25,93225.0,78553.125
서울,창동,63226.4406779661,79573.07692307692,48223.07692307692,57919.444444444445,59147.4358974359,58577.77777777778
서울,창신동,77170.0,78500.0,,69500.0,65500.0,53250.0
서울,창전동,111573.33333333331,109375.0,,113533.33333333331,121187.5,136680.0
서울,창천동,40300.0,,,,27351.636363636364,59800.0
서울,천연동,78000.0,,,74666.66666666667,79311.11111111111,81662.5
서울,천왕동,74370.0,90000.0,,,,72000.0
서울,천호동,77634.54545454546,81190.0,95000.0,79450.0,89823.07692307692,84457.14285714286
서울,청담동,282992.8571428572,258500.0,105000.0,286600.0,373828.5714285714,286435.71428571426
서울,청량리동,102737.5,153000.0,,70000.0,102100.0,104675.0
서울,청암동,,,,,,248000.0
서울,청운동,125000.0,,,,,
서울,청파동3가,49000.0,,,,,
서울,충무로4가,47600.0,162000.0,56000.0,,,
서울,충무로5가,32400.0,45500.0,,24500.0,,44400.0
서울,충정로3가,,,,,107350.0,47000.0
서울,토정동,100000.0,,,,,121000.0
서울,통인동,,,,,22000.0,
서울,평동,174250.0,209000.0,,148000.0,,198812.5
서울,평창동,87787.5,135000.0,,116000.0,172500.0,
서울,풍납동,97406.45161290324,118357.14285714286,81083.33333333333,101083.33333333331,119622.22222222222,124250.0
서울,필동1가,20000.0,,,,,
서울,필운동,,,,90000.0,,
서울,하계동,62629.51807228916,80933.33333333333,51250.0,50144.444444444445,58105.357142857145,58160.606060606064
서울,하왕십리동,120470.27027027028,120800.0,119625.0,112268.75,125719.04761904762,126841.17647058824
서울,하월곡동,69242.1875,102300.0,62437.5,77078.66666666667,65068.23529411765,74656.25
서울,하중동,203000.0,,,,277500.0,300000.0
서울,한강로1가,173000.0,69950.0,156000.0,172000.0,,
서울,한강로2가,203100.0,,350000.0,36500.0,215000.0,
서울,한강로3가,212000.0,300000.0,,,320000.0,379333.3333333333
서울,한남동,242470.58823529413,417071.4285714286,169000.0,233000.0,138250.0,408125.0
서울,합동,106000.0,68000.0,,,,130000.0
서울,합정동,141750.0,215000.0,180000.0,265000.0,82500.0,
서울,항동,81500.0,75500.0,81000.0,62366.66666666666,75220.0,68866.66666666667
서울,행당동,125980.0,148833.33333333334,97722.22222222222,116307.69230769233,125408.69565217392,126789.23076923077
서울,현석동,146687.5,190000.0,166000.0,140000.0,147666.66666666666,145633.33333333334
서울,현저동,106960.0,130000.0,100000.0,83166.66666666667,116500.0,122500.0
서울,홍은동,67039.58333333333,79800.0,76366.66666666667,64063.63636363636,79100.0,66331.25
서울,홍익동,51000.0,,,72000.0,85000.0,
서울,홍제동,77596.49122807017,70300.0,60176.5,73183.33333333333,81472.24137931035,85205.0
서울,홍파동,185125.0,190500.0,,194000.0,233000.0,223666.66666666663
서울,화곡동,70357.64705882352,62209.52380952381,59836.11111111111,77168.42105263157,60375.1724137931,79404.16666666667
서울,화양동,48266.66666666666,15933.333333333334,22078.260869565216,32238.46153846154,14383.75,16650.0
서울,황학동,91520.0,70025.0,55700.0,77618.18181818182,66414.61538461539,81842.85714285714
서울,회기동,51000.0,23550.0,21500.0,24575.0,32685.714285714286,63650.0
서울,회현동1가,125100.0,110000.0,,237000.0,,
서울,회현동2가,163000.0,,,,,
서울,효제동,26500.0,38933.333333333336,18000.0,16000.0,,30000.0
서울,효창동,104550.0,150500.0,,139000.0,142250.0,148625.0
서울,후암동,41000.0,,105000.0,,88750.0,184000.0
서울,휘경동,70476.66666666667,36966.66666666666,38900.0,41938.88888888889,60327.5,66906.66666666667
서울,흑석동,156169.44444444444,195750.0,165000.0,121730.0,150203.125,188842.1052631579
서울,흥인동,74166.66666666667,,,59133.333333333336,24000.0,20600.0
경기,가남읍 신해리,9191.666666666666,8537.5,11306.25,15425.0,6400.0,12164.285714285714
경기,가남읍 심석리,7900.0,8733.333333333334,7556.5,8800.0,,7500.0
경기,가남읍 태평리,,,9900.0,,,
경기,가능동,29177.272727272728,41960.0,22000.0,29416.666666666668,30773.33333333333,33420.0
경기,가사동,22255.555555555555,35000.0,30533.33333333333,37000.0,24950.0,26090.0
경기,가수동,14325.0,26987.5,27000.0,25725.0,22566.666666666668,27558.33333333333
경기,가재동,17233.333333333332,25933.33333333333,27000.0,26000.0,23500.0,20000.0
경기,가좌동,34901.96078431373,45005.0,37700.0,32218.18181818182,38283.333333333336,35100.0
경기,가평읍 달전리,10600.0,17900.0,,,7090.0,8000.0
경기,가평읍 대곡리,,24566.666666666668,11833.333333333334,25336.42857142857,22725.0,25225.0
경기,가평읍 읍내리,17550.0,17250.0,17680.0,17566.666666666668,23540.0,23050.0
경기,갈곶동,19252.542372881355,27211.11111111111,22940.0,23490.625,29345.83333333333,21720.58823529412
경기,갈매동,71935.92592592593,60200.0,63670.833333333336,60595.0,71017.85714285714,66252.63157894737
경기,갈산동,28180.76923076923,14400.0,45000.0,33407.142857142855,10000.0,44400.0
경기,갈현동,,,,130000.0,163500.0,164000.0
경기,감이동,51000.0,110458.33333333331,87533.33333333333,96115.7894736842,103592.85714285714,108492.0
경기,감일동,,,,,,98100.0
경기,감정동,25690.74074074074,34615.38461538462,26600.0,29290.47619047619,42575.0,27826.315789473683
경기,강상면 병산리,27608.33333333333,34085.71428571428,33000.0,27925.0,24175.0,26940.0
경기,개군면 하자포리,,16000.0,,,,
경기,거모동,12988.75,15513.888888888889,18750.0,15306.25,12994.117647058823,17850.0
경기,건건동,23671.964285714286,10425.0,26900.0,29400.0,44000.0,40300.0
경기,걸포동,69000.0,69800.0,52312.5,64090.90909090909,65550.0,57271.42857142857
경기,검산동,14908.333333333334,19837.5,20225.0,18460.0,18750.0,15425.0
경기,경안동,26240.0,,,37775.0,20066.666666666668,42514.28571428572
경기,고담동,17866.666666666668,19500.0,,,,20500.0
경기,고덕동,75333.33333333333,82300.0,62246.66666666666,61650.0,52566.66666666666,50976.31578947369
경기,고덕면 궁리,14770.689655172411,24177.777777777777,20250.0,26540.0,28500.0,25223.07692307692
경기,고등동,104620.0,,53000.0,79325.0,88945.83333333333,75920.0
경기,고림동,23400.0,29945.454545454544,30300.0,32766.666666666668,29100.0,28804.0
경기,고매동,27622.222222222223,,,40000.0,30000.0,32250.0
경기,고산동,36978.333333333336,56600.0,32000.0,37790.0,43606.36363636364,41238.46153846154
경기,고색동,27958.33333333333,38987.5,41800.0,29900.0,36625.0,28428.571428571428
경기,고암동,19023.78048780488,34750.0,26471.42857142857,19982.14285714286,19050.0,19846.25
경기,고양동,24392.5,40090.0,25540.0,31008.33333333333,32140.0,26611.53846153846
경기,고읍동,29296.969696969696,45800.0,29750.0,32657.14285714286,29666.666666666668,32885.71428571428
경기,고잔동,44697.619047619046,56447.05882352941,58372.22222222222,56781.48148148148,55368.57142857143,52128.0
경기,고천동,41783.333333333336,,,,,48000.0
경기,고촌읍 신곡리,59440.0,52876.6,53125.0,59536.36363636364,60010.52631578947,57582.608695652176
경기,고촌읍 태리,,44500.0,45000.0,60257.142857142855,56475.0,57200.0
경기,고촌읍 향산리,,,45000.0,55500.0,60000.0,54250.0
경기,고현동,30721.42857142857,,,39500.0,35675.0,34500.0
경기,곡반정동,31250.0,,46500.0,45920.0,55025.0,57345.0
경기,곤지암읍 곤지암리,24644.117647058825,32083.33333333333,25000.0,30950.0,26300.0,23500.0
경기,곤지암읍 삼리,17390.0,19831.25,13000.0,21666.666666666668,16640.0,19225.0
경기,공도읍 마정리,12500.0,8622.0,4900.0,13275.0,12666.666666666666,7116.666666666667
경기,공도읍 만정리,20929.6875,20219.04761904762,23375.0,21328.571428571428,21583.33333333333,21592.85714285714
경기,공도읍 승두리,22264.0,,,29075.0,31740.0,27789.8
경기,공도읍 양기리,15460.5,22257.14285714286,23500.0,23540.0,23100.0,17936.363636363636
경기,공도읍 용두리,14901.08695652174,19656.25,18650.0,17254.0,15412.5,17369.14285714286
경기,공도읍 진사리,12772.5,19533.33333333333,15366.666666666666,17891.666666666668,15571.875,15361.290322580646
경기,공세동,37446.47222222222,51200.0,45116.66666666666,45608.333333333336,42300.0,42636.36363636364
경기,관고동,22783.33333333333,31800.0,18125.0,29600.0,23530.0,31401.666666666668
경기,관산동,20826.315789473683,29833.33333333333,17500.0,29475.0,26300.0,30800.0
경기,관양동,57396.15384615384,80728.57142857143,60285.71428571428,51994.444444444445,59560.41666666666,63450.92592592593
경기,광명동,61343.43243243243,64800.0,52609.6875,58871.42857142857,68111.53846153847,68546.8085106383
경기,광사동,24291.780821917808,37175.0,27000.0,25950.0,27566.666666666668,26475.0
경기,광석동,58800.0,,,,62000.0,57083.333333333336
경기,광암동,,,,2950.0,2552.5,
경기,광적면 가납리,17440.0,22787.5,13975.0,21000.0,19233.33333333333,18600.0
경기,광적면 광석리,9200.0,,10250.0,8700.0,11000.0,
경기,광탄면 신산리,18000.0,,,,17700.0,
경기,교동,20621.42857142857,20742.85714285714,26750.0,32740.0,30613.33333333333,28871.0
경기,교문동,68066.17647058824,87400.0,67428.57142857143,63062.5,79900.0,77087.5
경기,구갈동,72845.67375886525,72650.0,69092.30769230769,64989.13043478261,63724.0,66911.66666666667
경기,구래동,50538.70967741936,50756.51162790698,38228.57142857143,42716.66666666666,45627.142857142855,43877.083333333336
경기,구미동,82861.76470588235,96444.44444444444,62966.66666666666,83192.85714285714,96225.26470588236,94702.85714285714
경기,구운동,29810.0,50220.0,27500.0,38700.0,38233.333333333336,45093.75
경기,군내면 구읍리,24700.0,28366.666666666668,30500.0,26337.5,27440.0,31940.0
경기,군내면 용정리,,,,23284.5,,
경기,군문동,14105.263157894737,19850.0,17700.0,20900.0,21700.0,19980.0
경기,군자동,,,,59166.66666666666,62150.0,68600.0
경기,권선동,43638.77551020408,41933.78378378379,43937.5,41974.62686567164,40983.954545454544,44742.40506329114
경기,궐동,19255.555555555555,14800.0,20566.666666666668,26962.5,23375.0,20953.846153846152
경기,금곡동,57633.509316770185,50691.66666666666,56983.333333333336,49356.944444444445,52316.0,67168.85245901639
경기,금광동,51623.52941176471,57125.0,46000.0,61890.0,81706.25,66020.58823529411
경기,금광면 신양복리,7857.0,13437.5,10950.0,10175.0,11228.57142857143,12775.0
경기,금릉동,16460.0,23500.0,,29866.666666666668,,19500.0
경기,금산동,8725.0,14000.0,12775.0,11500.0,12966.666666666666,16180.0
경기,금석동,5600.0,8297.5,8533.333333333334,9400.0,8500.0,9200.0
경기,금암동,35742.59259259259,48000.0,41500.0,41477.77777777778,38819.0,38850.0
경기,금오동,26231.396551724138,31695.0,30537.5,32158.33333333333,30753.846153846152,29733.33333333333
경기,금정동,30948.38383838384,50571.42857142857,36371.42857142857,33015.71428571428,38909.67741935484,38491.86046511628
경기,금촌동,21234.79381443299,24707.191489361703,22974.846153846152,24303.8,23079.6875,22810.869565217392
경기,기산동,40795.454545454544,53600.0,38325.0,36595.454545454544,44980.0,41016.66666666666
경기,기안동,19541.176470588234,34573.07692307692,31525.0,29569.23076923077,28940.90909090909,31027.272727272728
경기,김량장동,18343.75,14305.0,15618.75,14216.666666666666,19138.88888888889,24271.42857142857
경기,낙양동,44126.31578947369,55462.5,39000.0,40404.545454545456,39855.0,40731.25
경기,낙원동,9300.0,,,8000.0,,7500.0
경기,남동,,32200.0,,,,25450.0
경기,남면 신산리,4115.0,,,6000.0,3000.0,4800.0
경기,남사읍 아곡리,33200.0,54633.333333333336,33500.0,47450.0,37400.0,34562.5
경기,남사읍 완장리,35796.8085106383,41575.0,30675.0,38353.84615384616,38088.88888888889,31500.0
경기,남양읍,,,,46000.0,,
경기,남양읍 남양리,25693.939393939392,28509.090909090908,34375.0,23333.33333333333,32702.17391304348,30487.03703703704
경기,남양읍 무송리,14150.0,,,17000.0,17000.0,17500.0
경기,남양읍 신남리,19666.666666666668,30000.0,31576.0,33948.5,39000.0,37744.444444444445
경기,내삼미동,53818.181818181816,70000.0,45941.66666666666,53937.5,54060.0,53475.0
경기,내손동,77228.67132867133,80540.0,77625.0,81647.05882352941,75190.0,75741.86046511628
경기,녹양동,27581.70731707317,40722.22222222222,32140.0,32466.666666666668,26416.666666666668,29220.0
경기,논곡동,35083.333333333336,49400.0,,29000.0,36450.0,33500.0
경기,누읍동,12064.285714285714,15142.857142857143,11885.714285714286,17114.285714285714,10093.333333333334,18950.0
경기,능곡동,49456.0,67250.0,57000.0,51800.0,55535.71428571428,54000.0
경기,능동,47313.55140186916,59942.857142857145,37089.47368421053,44510.0,47970.3125,48268.29268292683
경기,능평동,50750.0,42000.0,39500.0,63250.0,44500.0,41500.0
경기,다산동,77895.87155963303,90514.28571428572,68048.83720930232,67120.14925373135,78720.0,74572.16981132075
경기,다율동,39393.333333333336,44733.333333333336,40370.6,41218.57142857143,39050.0,47117.307692307695
경기,단대동,69475.0,68800.0,71500.0,73710.0,78057.14285714286,75227.27272727272
경기,당동,37095.58823529412,43862.857142857145,,39582.608695652176,42032.5,44304.0
경기,당수동,26588.235294117647,36300.0,28412.5,23750.0,31900.0,30333.33333333333
경기,당왕동,18967.30769230769,23800.0,16000.0,19700.0,27960.0,31416.666666666668
경기,당정동,40052.17391304348,23700.0,36000.0,45340.0,45040.0,40854.545454545456
경기,대덕면 내리,6050.0,6216.666666666667,6278.571428571428,6025.0,5300.0,
경기,대덕면 신령리,19208.108108108107,29900.0,27500.0,22408.33333333333,23675.0,22127.272727272728
경기,대덕면 진현리,7625.0,12950.0,,14925.0,14500.0,11666.666666666666
경기,대야동,28121.0,38430.0,42642.5,47561.11111111111,47430.0,47700.0
경기,대야미동,38625.0,,,44800.0,45550.0,45416.66666666666
경기,대월면 사동리,17395.454545454544,15228.57142857143,15671.42857142857,22800.0,17300.0,15955.555555555557
경기,대월면 초지리,,17600.0,,17500.0,,17200.0
경기,대장동,,83500.0,,104366.66666666669,123700.0,175250.0
경기,대화동,39802.77777777778,57742.857142857145,152000.0,43700.0,37513.333333333336,41250.0
경기,덕계동,19930.978260869564,21841.666666666668,28883.33333333333,25823.809523809523,24233.33333333333,24857.8125
경기,덕은동,,,77660.0,101900.0,,106500.0
경기,덕이동,42288.37209302326,56250.0,58000.0,48546.66666666666,60885.71428571428,48271.875
경기,덕정동,22505.070422535213,33487.5,30042.85714285714,25216.666666666668,21677.777777777777,24761.53846153846
경기,덕풍동,65993.47826086957,76477.77777777778,64500.0,50361.53846153846,68835.71428571429,63213.10344827586
경기,도내동,69771.55172413793,69500.0,62000.0,58243.75,67120.0,67956.25
경기,도마교동,56320.0,68000.0,44333.333333333336,45425.0,47583.333333333336,57250.0
경기,도창동,24157.14285714286,35800.0,38000.0,,35000.0,24500.0
경기,도척면 진우리,16100.0,21500.0,,18500.0,18800.0,
경기,도촌동,76127.27272727272,92540.0,68000.0,,80000.0,77600.0
경기,독곡동,13600.0,21442.85714285714,21250.0,22500.0,17000.0,19850.0
경기,동두천동,15421.42857142857,,,22500.0,21966.666666666668,19625.0
경기,동백동,47086.84210526316,56100.0,49837.5,50307.142857142855,49252.38095238096,47545.454545454544
경기,동본동,,,16000.0,,,
경기,동삭동,36548.32692307692,55663.63636363636,43729.16666666666,45450.0,45311.22448979592,42290.769230769234
경기,동산동,79756.8,,70000.0,71333.33333333333,73000.0,75625.0
경기,동천동,85525.0,113484.6153846154,71083.33333333333,83911.76470588235,91380.43478260867,90740.3846153846
경기,동패동,34459.230769230766,48400.0,49441.66666666666,50002.17391304348,49403.44827586207,54210.256410256414
경기,마도면 두곡리,14000.0,14700.0,,,,19000.0
경기,마두동,46276.0162601626,63478.94736842105,62437.5,60777.77777777778,42708.82352941176,51913.63636363636
경기,마북동,59465.53398058253,68977.77777777778,47166.66666666666,61587.5,58973.68421052631,50644.117647058825
경기,마산동,48944.444444444445,49762.8275862069,39886.66666666666,41640.71428571428,39991.66666666666,40604.76190476191
경기,마장면 덕평리,,3300.0,,,,
경기,마장면 오천리,24600.0,44000.0,8300.0,35433.333333333336,35200.0,30250.0
경기,마평동,19311.53846153846,32050.0,34500.0,29600.0,22000.0,20450.0
경기,만송동,30557.14285714286,49000.0,26600.0,21650.0,33200.0,31685.714285714286
경기,망월동,91235.9813084112,106256.25,75866.66666666667,85298.27586206897,92011.90476190476,88616.07142857143
경기,망포동,68199.73821989528,75590.47619047618,59325.86206896552,60042.857142857145,66259.42028985507,63937.6404494382
경기,매교동,28533.33333333333,27650.0,22380.98901098901,43725.0,67247.05882352941,74509.52380952382
경기,매산동,22850.0,,,,19000.0,22875.0
경기,매산로1가,7950.0,,,,7000.0,7500.0
경기,매산로2가,52930.769230769234,99000.0,55000.0,,68750.0,61750.0
경기,매산로3가,20100.0,45200.0,,,,39000.0
경기,매송면 천천리,,15000.0,,,,
경기,매탄동,45991.23222748815,57111.53846153846,48893.47826086957,40319.16666666666,51758.333333333336,48505.73770491804
경기,매화동,14075.0,22000.0,,19580.0,11500.0,20200.0
경기,멱곡동,16600.0,,,,,16450.0
경기,모현읍 왕산리,23400.0,,,,27010.0,37597.142857142855
경기,모현읍 일산리,28057.14285714286,34900.0,,36500.0,28500.0,27150.0
경기,목감동,39900.0,38800.0,52833.333333333336,44650.0,59433.333333333336,77000.0
경기,목동,58562.857142857145,73120.0,51409.375,56374.28571428572,64458.82352941176,59980.48780487805
경기,목동동,46100.44642857143,59943.333333333336,40565.90909090909,47400.0,50188.09523809524,46086.04651162791
경기,목현동,29700.0,,,,,30000.0
경기,문발동,32860.0,41000.0,,,34500.0,
경기,문산읍 당동리,25650.298507462685,32955.555555555555,28712.5,24311.0,22145.83333333333,22686.666666666668
경기,문산읍 문산리,17957.69230769231,21350.0,13600.0,22616.666666666668,18562.5,12500.0
경기,문산읍 선유리,17939.354838709678,23038.88888888889,21850.0,21933.33333333333,19655.0,22315.384615384617
경기,문형동,25270.0,38625.0,23666.666666666668,29400.0,29400.0,21771.42857142857
경기,미산동,32260.0,8000.0,15000.0,20250.0,33166.666666666664,50000.0
경기,미양면 보체리,11175.0,12800.0,12000.0,,,9800.0
경기,미양면 양변리,,,4500.0,5320.0,5075.0,5300.0
경기,민락동,29992.265193370167,43801.851851851854,33960.0,30638.70967741936,37756.25,31222.549019607843
경기,박달동,41238.46153846154,58800.0,45700.0,52033.333333333336,44252.94117647059,43968.75
경기,반송동,65631.58878504673,49478.47826086957,53481.08108108108,59083.4375,71337.83783783784,67418.26923076923
경기,반월동,50678.0,68880.0,43366.1,54418.181818181816,57062.857142857145,53902.63157894737
경기,반정동,,,57000.0,,68140.0,
경기,배곧동,53459.22330097087,66930.0,47590.21739130434,51521.66666666666,54544.444444444445,49782.77777777778
경기,백사면 모전리,15900.0,12550.0,,,13756.0,15000.0
경기,백사면 조읍리,8766.666666666666,8300.0,,10000.0,10800.0,10633.333333333334
경기,백석동,43469.26605504588,54933.333333333336,50433.333333333336,48306.25,61150.0,37396.89473684211
경기,백석읍 가업리,13870.0,24850.0,13000.0,17000.0,16000.0,12900.0
경기,백석읍 방성리,11850.0,12150.0,19000.0,15850.0,,16066.666666666666
경기,백석읍 복지리,16758.064516129034,22516.666666666668,10000.0,24000.0,17466.666666666668,19357.14285714286
경기,백석읍 오산리,11540.0,19650.0,15850.0,18000.0,,14000.0
경기,백암면 근창리,9500.0,7650.0,,,,8600.0
경기,백현동,182600.0,203350.0,182500.0,163700.0,227000.0,216166.66666666663
경기,법원읍 가야리,6950.0,8750.0,9500.0,6825.0,,8850.0
경기,법원읍 법원리,,15900.0,,,,7000.0
경기,별내동,77038.88888888889,94625.0,69571.42857142857,64256.25,73405.26315789473,69832.43243243243
경기,별내면 청학리,25408.33333333333,34833.333333333336,24333.33333333333,28277.777777777777,27500.0,28790.90909090909
경기,별양동,143688.23529411765,199000.0,135900.0,167325.0,219416.66666666663,191563.3333333333
경기,병점동,30200.0,40891.66666666666,31991.666666666668,36773.52941176471,37748.75,37593.07692307692
경기,보개면 기좌리,9250.0,,,11000.0,,
경기,보라동,42998.14814814815,57142.857142857145,47125.0,47386.66666666666,43292.857142857145,42182.35294117647
경기,보산동,6300.0,,,8000.0,,5500.0
경기,보정동,86621.01449275362,112150.0,79125.0,93785.71428571428,78721.42857142857,83100.0
경기,본오동,24495.20547945205,44215.38461538462,29337.5,41469.230769230766,30711.764705882357,36000.0
경기,봉담읍 내리,,,,,48350.0,48500.0
경기,봉담읍 동화리,29035.185185185182,38320.0,35060.0,36055.55555555556,40122.22222222222,38036.36363636364
경기,봉담읍 상리,24390.90909090909,46920.0,28500.0,29863.636363636364,31900.0,38785.71428571428
경기,봉담읍 수기리,,,17000.0,,,
경기,봉담읍 수영리,32320.83333333333,63000.0,32650.0,33020.0,34871.42857142857,32542.85714285714
경기,봉담읍 와우리,31421.21212121212,27403.33333333333,31128.571428571428,28859.090909090908,32045.0,33889.393939393936
경기,봉담읍 유리,14000.0,25000.0,,25000.0,20000.0,22250.0
경기,봉산동,8366.666666666666,,,12900.0,9000.0,12000.0
경기,부곡동,50771.42857142857,76000.0,,52250.0,56000.0,55733.333333333336
경기,부림동,141220.58823529413,215000.0,120000.0,145400.0,162922.22222222222,192575.0
경기,부발읍 가산리,9700.0,11400.0,,11700.0,,10800.0
경기,부발읍 마암리,12500.0,9750.0,,,9800.0,
경기,부발읍 무촌리,17000.0,4500.0,4800.0,21350.0,,5200.0
경기,부발읍 신원리,,8300.0,5733.333333333333,,11500.0,
경기,부발읍 신하리,16200.0,25380.0,27050.0,19485.714285714286,16700.0,20175.0
경기,부발읍 아미리,29942.06349206349,16875.0,26666.666666666668,32700.0,33100.0,32925.0
경기,부발읍 응암리,7942.857142857143,11860.714285714286,8750.0,8410.0,7750.0,7555.555555555556
경기,부산동,25231.68316831683,39112.5,32197.36842105263,35125.0,33947.6,31507.69230769231
경기,북변동,30500.0,45888.88888888889,26471.42857142857,37481.81818181818,30176.92307692308,31946.42857142857
경기,분당동,103533.33333333331,102000.0,99500.0,104250.0,132500.0,96333.33333333331
경기,비봉면 삼화리,,,,,,39481.333333333336
경기,비봉면 양노리,,25750.0,,,,
경기,비산동,48788.940092165896,56916.66666666666,49686.66666666666,59439.0243902439,60213.670886075946,61282.21276595745
경기,비전동,24581.967213114756,25644.68085106383,29294.444444444445,24339.58333333333,27518.75,23728.0
경기,사동,35953.57142857143,39287.5,45000.0,50705.55555555556,45153.75,40922.619047619046
경기,사리현동,19423.33333333333,18170.0,31000.0,25775.0,30000.0,26250.0
경기,사사동,17971.428571428572,,19000.0,22300.0,,13850.0
경기,사우동,31602.17391304348,45614.28571428572,42311.11111111111,31800.0,41841.66666666666,31962.5
경기,사음동,21000.0,27750.0,,,,
경기,산곡동,53366.66666666666,,,51040.0,48233.333333333336,54955.0
경기,산본동,46810.78328981724,61196.0,47094.117647058825,54350.0,51735.294117647056,50236.98630136986
경기,산북동,15866.666666666666,,,,,
경기,산척동,64032.5,72375.0,55365.21739130434,68934.375,66936.36363636363,63358.82352941176
경기,산현동,57025.0,64500.0,46050.0,50016.66666666666,48316.66666666666,51960.0
경기,삼가동,37411.90476190476,38600.0,29725.0,42400.0,41355.55555555556,38125.0
경기,삼동,25549.242424242424,,46475.0,46960.0,41250.0,45657.142857142855
경기,삼송동,82150.0,,65266.66666666666,68975.0,78083.33333333333,73256.66666666667
경기,삼숭동,19335.50724637681,28973.68421052632,21194.444444444445,20945.652173913044,26291.666666666668,22851.85185185185
경기,삼평동,146624.07407407407,,104666.66666666669,156088.88888888888,174187.5,149486.95652173914
경기,상갈동,38154.6875,53966.66666666666,45000.0,39450.0,42600.0,40633.333333333336
경기,상대원동,38012.121212121216,55600.0,34500.0,38371.42857142857,39500.0,37884.42857142857
경기,상동,14000.0,17500.0,,,,
경기,상패동,6912.5,,10000.0,7066.666666666667,7450.0,9300.0
경기,상하동,37339.68253968254,45090.0,42000.0,36018.181818181816,39041.17647058824,33072.916666666664
경기,상현동,73253.97647058824,85648.0,65220.0,73288.63636363637,75051.6129032258,75288.23529411765
경기,새솔동,53630.55555555556,67333.33333333333,51700.0,52529.41176470588,56105.26315789474,55728.57142857143
경기,생연동,10938.949044585986,14703.333333333334,12779.166666666666,12721.052631578948,11503.846153846154,12448.275862068966
경기,서동,12290.90909090909,19450.0,14566.666666666666,16340.0,19166.666666666668,19466.666666666668
경기,서둔동,51755.0,,38800.0,38150.0,38850.0,40100.0
경기,서정동,16544.904761904763,17425.0,13428.125,16281.25,16042.857142857143,26229.714285714286
경기,서천동,56109.85915492957,67466.66666666667,48400.0,54192.857142857145,59500.0,57683.333333333336
경기,서현동,104173.88059701493,135333.33333333334,83500.0,107031.57894736844,129779.41176470587,119894.11764705884
경기,석수동,58916.5,74142.85714285714,54533.333333333336,54843.75,50892.5,56392.307692307695
경기,석우동,62810.86956521739,69316.66666666667,58089.28571428572,65662.5,64825.0,65230.0
경기,석정동,25135.0,22800.0,9000.0,34833.333333333336,32500.0,25388.88888888889
경기,선단동,15300.0,,21400.0,18700.0,,17400.0
경기,선동,100405.88235294116,120500.0,104500.0,94206.66666666669,90221.42857142857,103581.81818181818
경기,선부동,25369.59064327485,32284.4,29279.166666666668,33491.17647058824,36969.230769230766,32935.0
경기,설악면 선촌리,29000.0,25350.0,,,30500.0,
경기,성남동,44088.88888888889,62600.0,43000.0,80000.0,71500.0,48660.0
경기,성복동,93119.23076923077,113458.33333333331,88291.66666666667,90147.5,95785.47619047618,101310.63829787234
경기,성사동,39297.5,38600.0,47233.333333333336,33165.38461538462,40950.0,37907.142857142855
경기,성석동,17000.0,,,,27300.0,23100.0
경기,성포동,30914.06779661017,43762.5,46860.0,35027.27272727273,42050.0,38827.27272727273
경기,세교동,26798.86363636364,38179.41176470588,28347.82608695652,31439.473684210527,32360.0,29414.0
경기,세류동,51677.083333333336,39350.0,48783.333333333336,43077.77777777778,45150.833333333336,41732.142857142855
경기,세종대왕면 신지리,,19000.0,,17000.0,18700.0,
경기,소사동,31656.0,44133.333333333336,40000.0,34008.333333333336,35684.61538461538,37158.21428571428
경기,소하동,74212.76595744681,62678.57142857143,53428.57142857143,61893.75,71616.66666666667,60133.21428571428
경기,소흘읍 송우리,18327.835616438355,28526.0,26937.5,23132.14285714286,23406.666666666668,22091.666666666668
경기,소흘읍 이동교리,15816.666666666666,21000.0,,14800.0,15700.0,12800.0
경기,소흘읍 초가팔리,9504.166666666666,15120.0,12200.0,10250.0,9880.0,12050.0
경기,송내동,14678.358208955224,26083.33333333333,19433.33333333333,16754.545454545456,22815.0,14442.307692307691
경기,송동,61781.25,86400.0,66600.0,70200.0,70200.0,92866.66666666669
경기,송산동,12937.5,25500.0,,28100.0,17650.0,22716.666666666668
경기,송산면 사강리,19566.75,22166.666666666668,,,,
경기,송산면 육일리,18025.0,17900.0,,,20533.33333333333,18200.0
경기,송정동,24390.0,21472.222222222223,24594.444444444445,27927.272727272728,34568.75,31590.90909090909
경기,송죽동,36295.23809523809,38983.333333333336,53875.0,42060.0,43880.0,53042.857142857145
경기,수내동,128897.41379310343,158144.44444444444,114833.33333333331,139750.0,169395.0,160779.3103448276
경기,수암동,16125.0,17700.0,14062.5,17416.666666666668,,6300.0
경기,수진동,52100.0,,,38860.0,,68071.42857142857
경기,수청동,25501.88679245283,41140.0,44500.0,40037.5,34262.5,29400.0
경기,수택동,41479.807692307695,57277.77777777778,68000.0,48698.07692307692,51133.333333333336,58803.125
경기,숭인동,9650.0,15900.0,,19940.0,16500.0,15000.0
경기,식사동,69194.0594059406,95187.5,73375.0,70234.78260869565,70100.0,60750.90909090909
경기,신갈동,48563.15789473684,62525.0,44350.0,48495.66666666666,47267.5,53571.66666666666
경기,신곡동,23575.830258302583,37285.9375,32788.46153846154,31022.80701754386,30805.737704918032,29195.36842105263
경기,신길동,27553.33333333333,38500.0,35820.0,37307.142857142855,40000.0,34911.11111111111
경기,신동,71776.66666666667,,57966.66666666666,65933.33333333333,72180.0,76400.0
경기,신둔면 도봉리,14250.0,21000.0,,,,
경기,신둔면 수광리,,16750.0,,16000.0,10500.0,
경기,신둔면 수하리,20620.0,27100.0,22500.0,,22533.33333333333,22333.33333333333
경기,신봉동,70554.54545454546,79194.13432835821,60281.81818181818,60253.333333333336,72031.81818181818,67011.53846153847
경기,신북면 가채리,6566.666666666667,9600.0,8300.0,7625.0,,4100.0
경기,신북면 기지리,6287.5,6550.0,7712.5,8733.333333333334,7250.0,6057.142857142857
경기,신소현동,18566.666666666668,28500.0,24250.0,22500.0,21660.0,22900.0
경기,신원동,64763.26530612245,73625.0,,58585.71428571428,62041.66666666666,61335.0
경기,신읍동,14957.142857142857,16119.444444444443,10414.285714285714,16050.0,11900.0,12770.0
경기,신장동,66998.03571428571,52841.379310344826,23096.296296296296,39280.17307692308,60617.391304347824,64710.0
경기,신천동,23130.20833333333,28640.0,29500.0,27983.33333333333,30637.5,26672.727272727272
경기,신현동,55808.333333333336,66000.0,55000.0,38800.0,54522.72727272727,57958.82352941176
경기,신흥동,79592.85714285714,90333.33333333331,83022.22222222222,82352.94117647059,82325.0,97552.17391304349
경기,쌍령동,31680.0,45671.42857142857,38200.0,40100.0,34728.57142857143,39262.5
경기,아동동,20373.68421052632,24830.0,21921.42857142857,24977.777777777777,22650.0,22363.793103448275
경기,아양동,6640.625,13155.555555555557,12600.0,11211.111111111111,20058.666666666668,15471.42857142857
경기,안녕동,22521.875,,31666.666666666668,29483.33333333333,24062.5,32825.0
경기,안양동,56758.63636363636,39488.4,50322.91666666666,48184.21052631579,48992.19512195122,56279.891304347824
경기,안중읍 금곡리,8533.333333333334,11560.0,11333.333333333334,10614.285714285714,10600.0,10875.0
경기,안중읍 송담리,24767.5,38975.0,14200.0,29600.0,28000.0,27785.714285714286
경기,안중읍 학현리,,10500.0,,6200.0,,
경기,안중읍 현화리,17526.315789473683,22681.25,23475.0,20620.0,19243.18181818182,19673.529411764703
경기,안흥동,29347.57575757576,33912.5,,32887.5,23475.0,56600.0
경기,야당동,43671.969696969696,61128.125,43185.0,47314.583333333336,48785.71428571428,48113.10344827586
경기,야동동,13301.470588235294,16415.384615384617,15250.0,15883.333333333334,,12100.0
경기,야탑동,87270.42253521127,113013.33333333331,92750.0,71269.23076923077,83532.75862068965,82609.30232558139
경기,양벌동,35763.04347826087,36381.81818181818,30300.0,36542.857142857145,28206.666666666668,30076.92307692308
경기,양산동,37410.34482758621,47666.66666666666,24825.0,51000.0,36666.66666666666,37620.0
경기,양서면 양수리,25877.272727272728,30700.0,52000.0,35687.5,34000.0,
경기,양서면 용담리,30500.0,31900.0,,31000.0,,
경기,양지동,52000.0,,,,58500.0,64500.0
경기,양지면 양지리,20416.666666666668,24000.0,,34150.0,8000.0,22800.0
경기,양촌읍 양곡리,31311.11111111111,39340.0,34400.0,29158.33333333333,30550.0,30900.0
경기,양촌읍 학운리,26111.11111111111,33200.0,27700.0,26000.0,27000.0,26520.0
경기,양평읍 공흥리,18987.5,,22000.0,21000.0,18350.0,17500.0
경기,양평읍 백안리,30695.0,34500.0,,24000.0,29750.0,28000.0
경기,양평읍 양근리,31433.33333333333,25742.85714285714,32780.0,31590.571428571428,36925.0,31475.0
경기,양평읍 창대리,,,,,38666.66666666666,43825.0
경기,어룡동,,,,22750.0,24500.0,
경기,언남동,52759.13513513513,66677.77777777778,51333.333333333336,48200.0,55960.0,57433.333333333336
경기,여수동,86353.33333333333,97300.0,67300.0,87425.0,84780.0,83570.0
경기,역동,67345.65217391304,62000.0,59766.66666666666,67333.33333333333,64833.333333333336,62125.0
경기,역북동,41499.230769230766,50091.25,42750.0,43670.0,43635.0,40972.72727272727
경기,연무동,22192.85714285714,29800.0,27125.0,24000.0,35500.0,42300.0
경기,연양동,15633.333333333334,20000.0,,19125.0,19300.0,17250.0
경기,연천읍 옥산리,,,9500.0,20500.0,24000.0,27325.0
경기,연천읍 차탄리,,,,,,6500.0
경기,연천읍 현가리,,,,,15300.0,
경기,영덕동,57068.98734177216,73035.71428571429,50941.66666666666,48952.77777777778,54194.73684210526,57546.15384615384
경기,영북면 운천리,4900.0,,,,,
경기,영천동,65464.93506493507,78740.47619047618,59165.0,60967.1875,58057.40740740741,63781.48148148148
경기,영통동,44894.59459459459,55252.77777777778,39435.17857142857,41873.84615384616,51129.74647887324,47601.46788990826
경기,영화동,23500.0,16750.0,,22300.0,20000.0,
경기,오남읍 양지리,27690.47619047619,41425.0,28200.0,36255.55555555556,39154.16666666666,38130.0
경기,오남읍 오남리,17149.5,28519.23076923077,21800.0,20372.5,18925.0,22916.176470588234
경기,오목천동,41406.52173913043,56000.0,40542.857142857145,38207.27272727273,47150.0,48612.5
경기,오산동,57549.230769230766,92552.0,64138.09523809524,55617.64705882353,60997.05882352941,65078.57142857143
경기,오성면 숙성리,14000.0,11500.0,,,,
경기,오전동,41683.79746835443,59483.333333333336,48000.0,50539.28571428572,49187.5,50397.142857142855
경기,오학동,19100.0,29943.846153846152,30750.0,31577.777777777777,8316.666666666666,16550.0
경기,옥산동,11979.411764705885,14000.0,13000.0,,9400.0,37950.0
경기,옥정동,32778.740157480315,45986.36363636364,32603.20512820513,39474.32432432433,40396.72131147541,40222.72727272727
경기,와동,,,,35250.0,34000.0,42500.0
경기,와동동,39190.890410958906,56576.19047619047,37533.333333333336,44966.66666666666,44894.117647058825,40182.5
경기,와부읍 덕소리,50365.57377049181,64288.88888888889,40243.75,42620.0,45457.142857142855,46224.24242424242
경기,와부읍 도곡리,50494.28571428572,65100.0,49055.55555555556,41455.55555555556,72526.0,55095.833333333336
경기,왕곡동,32121.052631578947,38350.0,35333.333333333336,40000.0,33500.0,49000.0
경기,외삼미동,49208.333333333336,58950.0,45483.333333333336,49112.5,51800.0,46625.0
경기,용문면 다문리,24112.5,26233.33333333333,20000.0,26285.0,22800.0,24700.0
경기,용문면 마룡리,,,,11000.0,,
경기,용이동,37377.40384615384,43969.04761904762,39928.57142857143,46033.333333333336,42698.27586206896,38343.24324324324
경기,용현동,19611.020408163266,27213.88888888889,27464.285714285717,31918.18181818182,38171.5,30743.478260869564
경기,우만동,42919.29824561404,45425.0,22603.571428571428,44861.11111111111,43757.89473684211,30144.736842105263
경기,우정읍 조암리,19760.0,16800.0,9950.0,13220.0,25100.0,18477.777777777777
경기,운양동,46308.10810810811,56808.4,43562.5,48779.62962962963,48638.88888888889,45179.16666666666
경기,운중동,128237.5,122000.0,107000.0,139125.0,127608.33333333331,126194.73684210528
경기,운학동,,,8900.0,,11500.0,
경기,원곡동,37576.27118644068,45750.0,39583.333333333336,51366.66666666666,49118.181818181816,50840.74074074074
경기,원곡면 반제리,10840.0,15300.0,14100.0,12150.0,11000.0,10400.0
경기,원곡면 외가천리,18250.0,24230.0,,21200.0,13500.0,19025.0
경기,원동,21539.785714285717,31792.105263157893,22269.444444444445,28919.444444444445,27310.29411764706,25647.5
경기,원문동,149225.8064516129,130250.0,116027.77777777778,132000.0,145227.27272727274,169281.25
경기,원천동,75908.23529411765,76444.44444444444,100516.66666666669,86723.07692307692,75409.09090909091,79895.71428571429
경기,원흥동,78207.4074074074,78625.0,66333.33333333333,56533.333333333336,72050.0,71400.0
경기,월곶동,18566.06557377049,29875.0,20647.904761904763,17082.125,18450.0,20976.2
경기,월송동,12711.111111111111,17400.0,12700.0,14742.857142857143,14300.0,14900.0
경기,월피동,23601.470588235294,35188.88888888889,31550.0,28330.0,32858.333333333336,30240.0
경기,유방동,13541.176470588236,23500.0,17650.0,17375.0,17500.0,18314.285714285717
경기,율전동,28998.115942028984,36375.0,37666.66666666666,40694.444444444445,35525.0,37760.86956521739
경기,은계동,12930.76923076923,26066.666666666668,20000.0,23500.0,21000.0,17000.0
경기,은행동,39510.95890410959,37217.857142857145,46929.72972972973,46597.67441860465,51311.53846153846,52697.65625
경기,의정부동,30725.0,13295.714285714286,19119.04761904762,22577.391304347828,25223.529411764703,39965.21739130434
경기,이동,42666.66666666666,50000.0,,42600.0,,50400.0
경기,이동읍 송전리,19587.5,30000.0,28300.0,37666.66666666666,29500.0,33000.0
경기,이동읍 천리,16692.0,24320.0,20850.0,29328.571428571428,23333.33333333333,28550.0
경기,이매동,125476.59574468085,170000.0,110200.0,127833.33333333331,145583.33333333334,127092.0
경기,이목동,60823.52941176471,58000.0,41833.333333333336,57820.0,60255.55555555556,57500.0
경기,이의동,121403.94736842104,137125.0,108825.0,121495.83333333331,145385.7142857143,117776.92307692308
경기,이충동,16971.052631578947,21814.70588235294,19318.42105263158,17455.0,21506.666666666668,21597.5
경기,인계동,31503.508771929824,11017.391304347826,26925.0,33865.74074074074,33796.42857142857,33815.38461538462
경기,인지동,6900.0,7425.0,8500.0,7400.0,7500.0,8566.666666666666
경기,인창동,57062.24489795919,64107.69230769231,54950.0,52970.58823529412,65377.5,58382.5
경기,일동면 기산리,6000.0,19750.0,16900.0,7400.0,26000.0,18000.0
경기,일산동,35981.95718654434,44033.72093023256,36846.0,38157.142857142855,39026.470588235294,38221.333333333336
경기,일죽면 송천리,,11133.333333333334,14166.666666666666,14166.666666666666,11500.0,12200.0
경기,일직동,121155.0,110000.0,97625.0,110166.66666666669,110928.57142857143,107750.0
경기,입북동,33960.0,68000.0,,43150.0,44080.0,49050.0
경기,장곡동,25320.83333333333,41331.25,24157.14285714286,26883.33333333333,47445.454545454544,34361.76470588235
경기,장기동,49636.76470588235,57409.09090909091,49223.52941176471,45266.66666666666,48261.11111111111,44390.67796610169
경기,장당동,23749.772727272728,27625.0,25833.33333333333,29800.0,26044.444444444445,21675.0
경기,장상동,16500.0,,,,25500.0,
경기,장안동,25044.444444444445,43000.0,37666.66666666666,33933.333333333336,33300.0,31540.0
경기,장안면 사곡리,9500.0,12900.0,,13400.0,14850.0,12000.0
경기,장암동,24592.753623188404,,29150.0,34895.454545454544,28093.33333333333,26775.0
경기,장지동,58566.66666666666,63616.66666666666,55906.66666666666,59500.0,59760.95238095238,63163.04347826087
경기,장항동,53006.25,76350.0,54240.0,70666.66666666667,86047.05882352941,65740.0
경기,장현동,23333.33333333333,,39480.0,42083.333333333336,46109.09090909091,51711.76470588235
경기,장호원읍 노탑리,,5300.0,11700.0,8300.0,,
경기,장호원읍 장호원리,8400.0,15000.0,,7400.0,,16500.0
경기,장호원읍 진암리,18100.0,12262.5,15325.0,10520.0,16458.333333333332,17250.0
경기,장흥면 부곡리,21371.42857142857,26750.0,29700.0,31900.0,36775.0,35833.333333333336
경기,장흥면 일영리,22450.0,25000.0,35000.0,24000.0,,25250.0
경기,적성면 구읍리,11000.0,,,,,
경기,적성면 마지리,,,,,,5300.0
경기,전곡읍 은대리,11000.0,,29000.0,19750.0,27000.0,9650.0
경기,전곡읍 전곡리,10382.35294117647,9530.0,8375.0,8300.0,13925.0,14630.588235294115
경기,점봉동,10925.555555555557,14266.666666666666,9500.0,13900.0,17500.0,12858.333333333334
경기,정남면 덕절리,,,,,17000.0,19700.0
경기,정남면 발산리,9912.5,11580.0,10500.0,11525.0,14160.0,9850.0
경기,정왕동,19919.342857142856,31215.686274509804,23921.62162162162,25811.827956989247,25507.40740740741,26715.303030303032
경기,정자동,70890.45197740113,93267.74193548386,60576.206896551725,75630.76923076923,89625.20202020202,84393.1654676259
경기,조남동,53750.0,64062.5,49700.0,53525.0,49270.0,48300.0
경기,조리읍 대원리,23242.59259259259,35677.77777777778,,27033.33333333333,26944.444444444445,27862.5
경기,조리읍 봉일천리,16601.136363636364,25756.666666666668,21700.0,12733.333333333334,23871.42857142857,18493.75
경기,조원동,44838.392857142855,45791.66666666666,37600.0,48053.333333333336,47837.5,48811.53846153846
경기,조종면 현리,,,7000.0,,,
경기,주교동,26547.36842105263,25454.0,27100.0,24746.5,32460.0,25000.0
경기,주엽동,38269.36936936937,56543.333333333336,48863.63636363636,45539.13043478261,41870.967741935485,43365.90909090909
경기,죽백동,35948.101265822785,49212.5,38750.0,41580.0,43262.5,41346.66666666666
경기,죽산면 장원리,7583.333333333333,7850.0,10750.0,6550.0,9450.0,9037.5
경기,죽산면 죽산리,,3700.0,,,,
경기,죽율동,32150.0,45610.0,34000.0,36460.0,38833.333333333336,38387.5
경기,죽전동,65267.87439613527,62295.833333333336,53827.5,61566.21621621621,61910.63829787234,65631.66666666667
경기,중동,54362.38095238096,55778.260869565216,44787.5,52122.41379310345,55555.882352941175,51870.58823529412
경기,중리동,15501.866666666669,18275.0,13884.0,23000.0,14057.142857142857,17780.0
경기,중산동,32267.941176470587,45214.28571428572,42216.66666666666,40295.0,35543.75,35523.61111111111
경기,중앙동,120977.77777777778,117250.0,165000.0,138900.0,106584.6153846154,150211.76470588235
경기,증일동,30666.666666666668,47750.0,35500.0,,,
경기,증포동,26113.714285714286,31034.0,29308.33333333333,32935.0,29400.0,29987.5
경기,지곡동,31654.545454545456,43300.0,34333.333333333336,35666.666666666664,,32866.666666666664
경기,지곶동,33075.0,49700.0,52000.0,33000.0,32550.0,30863.636363636364
경기,지동,20284.0,,7500.0,6633.333333333333,39200.0,
경기,지산동,13367.1875,18918.055555555555,27520.0,27443.75,17960.0,20108.33333333333
경기,지제동,,,,76875.0,79500.0,64333.333333333336
경기,지축동,88000.0,119000.0,98000.0,84037.5,79370.0,86880.0
경기,지행동,16844.425087108015,27071.42857142857,23383.33333333333,22172.5,22337.5,19388.46153846154
경기,진건읍 신월리,20000.0,43500.0,,,23000.0,23000.0
경기,진건읍 용정리,17796.428571428572,29875.0,,22900.0,22808.33333333333,23600.0
경기,진건읍 진관리,35500.0,,36000.0,,39000.0,
경기,진안동,24916.666666666668,,23175.0,33240.0,32911.11111111111,31470.0
경기,진위면 가곡리,5100.0,6500.0,7000.0,8800.0,,8350.0
경기,진위면 갈곶리,12050.0,18666.666666666668,21000.0,,13900.0,18000.0
경기,진위면 견산리,5466.666666666667,9478.57142857143,11225.0,10350.0,8860.0,10133.333333333334
경기,진접읍 금곡리,42841.07142857143,56307.142857142855,41610.0,40460.0,46811.11111111111,46518.181818181816
경기,진접읍 내각리,19600.0,36500.0,,,30000.0,26750.0
경기,진접읍 부평리,32806.25,,10500.0,40909.09090909091,38975.0,40140.0
경기,진접읍 연평리,45000.0,63000.0,48000.0,,44000.0,
경기,진접읍 장현리,24612.222222222223,31350.0,24333.33333333333,23787.5,27038.88888888889,29900.0
경기,진접읍 진벌리,22911.11111111111,32000.0,27933.33333333333,22000.0,23000.0,23720.0
경기,진접읍 팔야리,,9000.0,,,,8000.0
경기,창곡동,137898.6301369863,155714.2857142857,107041.66666666669,119977.77777777778,149184.61538461538,141538.88888888888
경기,창우동,67373.86363636363,78300.0,72000.0,60925.0,61107.142857142855,64591.66666666666
경기,창전동,11485.0,15716.666666666666,15966.666666666666,18500.0,19500.0,13633.333333333334
경기,천송동,26541.666666666668,,,44600.0,43000.0,35333.333333333336
경기,천천동,49574.333333333336,52600.0,57100.0,50976.92307692308,51109.52380952381,51764.0
경기,철산동,74838.29787234042,100527.27272727272,76138.46153846153,83425.92592592593,68346.05263157895,84030.90909090909
경기,청계동,84044.26229508196,96446.66666666669,69115.625,82353.44827586207,85717.94871794872,90235.52631578948
경기,청덕동,41962.5,50000.0,46000.0,37500.0,40900.0,42414.28571428572
경기,청북읍 옥길리,18227.272727272728,24392.0,21469.444444444445,20675.0,19525.0,20268.51851851852
경기,청산면 백의리,,8233.333333333334,,7900.0,7800.0,9150.0
경기,청평면 청평리,18837.5,21834.615384615383,24333.33333333333,26660.0,21266.666666666668,20054.545454545456
경기,청호동,25311.11111111111,43400.0,28500.0,30900.0,31500.0,29680.0
경기,초월읍 대쌍령리,20600.0,38100.0,42000.0,35200.0,36750.0,33465.38461538462
경기,초월읍 도평리,26700.0,32500.0,27466.666666666668,25200.0,25600.0,25125.0
경기,초월읍 산이리,32191.666666666668,30500.0,,28625.0,30533.33333333333,32416.666666666668
경기,초월읍 쌍동리,41800.0,58150.0,48000.0,39400.0,41380.0,43691.66666666666
경기,초월읍 용수리,21750.0,,,,,
경기,초월읍 지월리,19790.0,25900.0,24000.0,22000.0,,
경기,초지동,36598.882681564246,47491.17647058824,41963.333333333336,39194.59459459459,44027.27272727273,39767.0
경기,추자동,41000.0,,,34250.0,,
경기,칠괴동,17200.0,31320.0,,,,
경기,칠원동,29178.030303030304,37982.35294117647,32962.5,31951.92307692308,28721.052631578947,33065.0
경기,탄벌동,37030.30303030303,53560.0,36400.0,44433.333333333336,46500.0,43400.0
경기,탄현동,35422.37903225807,52535.71428571428,37106.0,33763.09523809524,39630.208333333336,33108.03571428572
경기,탄현면 법흥리,23000.0,,,,,
경기,탑동,25264.285714285717,25175.0,25500.0,18100.0,28420.0,27616.666666666668
경기,태전동,51197.84482758621,56118.181818181816,45229.41176470588,44120.0,46404.545454545456,46233.333333333336
경기,태평동,47431.57894736842,81125.0,70000.0,42862.5,56301.8,59883.333333333336
경기,토당동,47490.6976744186,57000.0,37300.0,43466.66666666666,60213.333333333336,55500.0
경기,토평동,71166.66666666667,77850.0,,64000.0,80044.44444444444,64225.0
경기,통복동,19000.0,15480.0,13733.333333333334,10530.054794520547,19333.33333333333,27250.0
경기,통진읍 도사리,20983.33333333333,,,23500.0,24400.0,25950.0
경기,통진읍 마송리,20042.85714285714,22411.5,23300.0,27414.285714285717,27028.571428571428,28125.0
경기,통진읍 서암리,,,,,,17900.0
경기,퇴계원읍 퇴계원리,40919.0,49100.0,51400.0,43633.333333333336,44768.75,42817.64705882353
경기,파장동,19970.0,23800.0,20875.0,,23750.0,32620.0
경기,파주읍 연풍리,20750.0,22500.0,21600.75,22000.0,,20100.0
경기,파주읍 파주리,,9300.0,,,,
경기,판교동,132476.25925925927,126666.66666666669,112750.0,129416.66666666669,143227.77777777778,135825.0
경기,팔탄면 가재리,6866.666666666667,10043.75,9000.0,12166.666666666666,9850.0,12633.333333333334
경기,팽성읍 객사리,,4000.0,6250.0,,,
경기,팽성읍 송화리,16000.0,19423.07692307692,31000.0,22411.11111111111,19300.0,24577.777777777777
경기,팽성읍 안정리,18050.0,18155.0,8420.0,30525.0,34260.0,34533.333333333336
경기,팽성읍 평궁리,,7150.0,7800.0,7950.0,,
경기,평내동,29439.325842696628,40866.66666666666,37786.36363636364,34717.391304347824,39569.35483870968,39566.17647058824
경기,평동,54040.0,58000.0,,49000.0,41500.0,46600.0
경기,평촌동,73205.93220338984,88250.0,66545.45454545454,76332.85714285714,78521.81818181818,79459.85915492958
경기,평택동,23760.0,19500.0,11133.333333333334,7685.375,,9250.0
경기,포곡읍 둔전리,14975.675675675677,32450.0,35400.0,16012.5,22814.285714285717,25536.36363636364
경기,포곡읍 삼계리,21154.166666666668,8850.0,9400.0,,,22500.0
경기,포곡읍 영문리,22220.0,27000.0,,22000.0,,
경기,포곡읍 전대리,9012.0,,,15000.0,,
경기,포동,16698.14814814815,34233.333333333336,21833.33333333333,25200.0,18750.0,17400.0
경기,포승읍 내기리,12000.0,15000.0,16650.0,17250.0,,
경기,포승읍 도곡리,10389.285714285714,10542.857142857143,13075.0,13609.375,12638.46153846154,12311.111111111111
경기,포승읍 만호리,7620.0,5490.0,5957.0,7209.428571428572,7171.428571428572,6150.0
경기,포승읍 방림리,,17500.0,,18000.0,,
경기,포승읍 석정리,,,6550.0,7000.0,,6900.0
경기,포일동,70094.66666666667,87000.0,84546.15384615384,82513.57142857143,91092.85714285714,83970.73170731707
경기,풍덕천동,75938.51674641148,93696.15384615384,67543.75,75630.26315789473,78734.45945945945,76084.25196850394
경기,풍동,36456.147540983606,49911.11111111111,42400.0,46627.77777777778,41082.65,41234.0
경기,풍무동,46967.391304347824,48406.66666666666,42987.93103448276,40473.260869565216,46042.42424242424,45655.633802816905
경기,풍산동,105120.0,123800.0,82276.4705882353,92562.5,94336.66666666669,93891.30434782608
경기,하갈동,34343.75,43500.0,42000.0,40333.333333333336,39833.333333333336,37075.0
경기,하대원동,59323.52941176471,45975.0,65250.0,64332.5,64375.0,56375.0
경기,하동,97668.42105263156,86714.28571428571,90650.0,100385.71428571428,116376.92307692308,84960.0
경기,하상동,20977.08333333333,33425.0,25800.0,21760.0,28816.666666666668,28390.90909090909
경기,하성면 마곡리,,,,30500.0,,28500.0
경기,하안동,54392.28187919464,82876.66666666667,37173.333333333336,51344.0,54267.307692307695,61438.79310344828
경기,하중동,21500.0,53000.0,27300.0,29571.42857142857,22250.0,22781.25
경기,학암동,131473.33333333334,157900.0,96812.5,116733.33333333331,131583.33333333334,133571.42857142858
경기,학의동,96083.33333333331,,71400.0,79440.0,73714.28571428571,79900.0
경기,합정동,16054.6875,20565.29411764706,29566.666666666668,26886.666666666668,27576.92307692308,28775.0
경기,행신동,35051.79063360881,49870.454545454544,39506.66666666666,40671.04166666666,44651.470588235294,41525.97402597403
경기,향남읍 발안리,18100.0,29688.88888888889,22733.33333333333,23600.0,22062.5,24458.33333333333
경기,향남읍 상신리,,,,,,45400.0
경기,향남읍 장짐리,19400.0,15650.0,26000.0,28700.0,25650.0,26833.33333333333
경기,향남읍 하길리,30000.0,54250.0,,37600.0,36580.0,39600.0
경기,향남읍 행정리,36208.333333333336,43920.0,36766.66666666666,37421.42857142857,38375.0,39413.63636363636
경기,향동동,48642.75,90000.0,72375.0,68550.0,71291.30434782608,65075.0
경기,현덕면 권관리,,,4000.0,10800.0,,
경기,현덕면 인광리,,8000.0,,7700.0,,
경기,현암동,15588.033333333333,10914.285714285714,6900.0,23912.5,23750.0,11020.0
경기,호계동,62039.5625,58708.333333333336,50710.52631578947,69029.16666666667,70229.48717948717,67681.73076923077
경기,호매실동,40804.6875,61600.0,43650.0,41555.357142857145,45825.757575757576,46410.606060606064
경기,호법면 유산리,12350.0,17000.0,14500.0,15070.0,14500.0,14700.0
경기,호원동,33576.78571428572,45700.0,32657.14285714286,36208.57142857143,35584.72222222222,35478.301886792455
경기,호평동,40539.10256410256,49060.0,37705.55555555556,44095.65217391304,41489.18918918919,39786.12903225807
경기,홍문동,11422.222222222224,17100.0,14000.0,16505.0,15825.0,13350.0
경기,화도읍 가곡리,22750.0,,30000.0,26300.0,25000.0,25900.0
경기,화도읍 녹촌리,41677.77777777778,45088.88888888889,41166.66666666666,40840.0,28850.0,30450.0
경기,화도읍 마석우리,32383.695652173912,42500.0,,36228.57142857143,32241.666666666668,32195.0
경기,화도읍 묵현리,27708.163265306124,33442.857142857145,29842.85714285714,34175.0,27400.0,25337.5
경기,화도읍 월산리,31128.571428571428,43600.0,41000.0,37375.0,,32550.0
경기,화도읍 차산리,31370.0,38750.0,,39000.0,,35071.42857142857
경기,화도읍 창현리,27411.290322580644,30125.0,21300.0,33087.5,24900.0,28290.90909090909
경기,화서동,47325.61728395062,56662.5,41133.333333333336,44100.0,49845.65217391304,49650.0
경기,화정동,37906.59090909091,54661.53846153846,44742.857142857145,41470.833333333336,40764.583333333336,44189.43661971831
경기,회덕동,24025.0,30750.0,,26800.0,,
경기,회정동,18223.33333333333,24450.0,,31355.0,24300.0,43000.0
인천,가정동,37979.72972972973,34805.61111111111,39960.0,46640.0,54057.142857142855,42131.08108108108
인천,가좌동,19177.31343283582,22352.941176470587,22394.117647058825,24351.515151515152,26907.14285714286,26771.875
인천,간석동,21888.98245614035,23840.29411764706,25424.444444444445,30434.21052631579,25885.966666666667,30777.777777777777
인천,갈산동,21862.5,39540.0,27514.285714285717,27821.052631578947,25206.666666666668,25729.166666666668
인천,강화읍 갑곳리,15033.333333333334,13500.0,7575.0,16100.0,14800.0,16925.0
인천,강화읍 관청리,8400.0,8500.0,8810.0,,,9250.0
인천,강화읍 남산리,22500.0,,,,26000.0,28500.0
인천,검암동,36367.857142857145,50250.0,35433.333333333336,36065.21739130434,40250.0,38416.66666666666
인천,경서동,29166.666666666668,38400.0,31000.0,35500.0,35300.0,30516.666666666668
인천,계산동,21287.925925925927,25129.62962962963,29520.0,27116.666666666668,23898.275862068964,26018.78787878788
인천,공촌동,22050.0,25300.0,20000.0,27000.0,32750.0,25750.0
인천,관교동,30051.69230769231,31700.0,38250.0,41933.333333333336,31750.0,30325.0
인천,관동3가,,9800.0,,,,
인천,구산동,36980.0,,,39800.0,36333.333333333336,37650.0
인천,구월동,40520.46323529412,27230.275862068964,36688.37209302326,40082.954545454544,43356.52173913043,41286.70886075949
인천,귤현동,42750.0,,41000.0,41933.333333333336,50550.0,47750.0
인천,금곡동,27516.666666666668,36475.0,43000.0,36716.66666666666,38358.333333333336,34925.0
인천,길상면 온수리,,7800.0,,,,
인천,남촌동,20544.444444444445,34166.666666666664,28216.666666666668,24125.0,27650.0,22828.571428571428
인천,논현동,40305.68493150685,55150.0,40380.95238095238,41231.96721311475,40799.01960784314,43118.90243902439
인천,답동,24500.0,17850.0,32000.0,,19000.0,
인천,당하동,32206.875,41945.55555555556,35178.04,44256.065573770495,46233.75,42230.61224489796
인천,대곡동,20180.0,,,22700.0,,
인천,도림동,36700.0,47500.0,,33500.0,42000.0,34350.0
인천,도원동,,,,,,11820.0
인천,도화동,16383.870967741936,19980.0,33354.545454545456,28975.0,41541.57894736842,32352.5
인천,동양동,34654.545454545456,,,37000.0,50000.0,38100.0
인천,동춘동,34441.11111111111,44807.69230769231,34652.5,34991.95121951219,37192.59259259259,38681.25
인천,마전동,25660.660256410258,27378.571428571428,27961.11111111111,27387.80487804878,19334.158415841583,29979.0
인천,만석동,13896.153846153846,18360.0,14142.857142857143,19500.0,17075.0,18900.0
인천,만수동,20251.924882629108,26260.60606060606,23692.5,24162.5,23527.17391304348,22452.717391304348
인천,문학동,13500.0,,,,,
인천,박촌동,40391.66666666666,,41000.0,37642.857142857145,49500.0,38125.0
인천,방축동,15366.666666666666,,15000.0,16000.0,16000.0,22750.0
인천,백석동,,,,54882.25,60000.0,
인천,병방동,16984.615384615383,15473.076923076924,25333.33333333333,20196.875,23700.0,19838.88888888889
인천,부개동,30074.79768786127,34550.0,27982.5,34095.16129032258,35841.666666666664,38400.0
인천,부평동,28270.844827586207,25093.666666666668,24213.88888888889,29916.666666666668,38511.77419354839,35744.791666666664
인천,북성동1가,7500.0,,11000.0,,,
인천,북성동2가,,15000.0,,,,12300.0
인천,북성동3가,,6200.0,,,,
인천,불로동,22667.567567567567,27792.85714285714,28520.0,25792.85714285714,26357.894736842107,25909.52380952381
인천,산곡동,32777.5,40431.81818181818,35756.0,33394.565217391304,36293.269230769234,36694.32926829269
인천,삼산동,38172.25806451613,54727.66666666666,34666.666666666664,38061.76470588235,35316.07142857143,36045.65217391304
인천,서운동,43285.71428571428,,50250.0,47500.0,61875.0,38435.294117647056
인천,서창동,37916.981132075474,46657.142857142855,40112.90322580645,39241.379310344826,38308.82352941176,38663.333333333336
인천,석남동,17547.619047619046,21680.0,22800.0,23694.117647058825,22479.166666666668,21865.0
인천,선원면 창리,17720.0,19675.0,20575.0,21000.0,24340.0,23078.285714285717
인천,선학동,23083.33333333333,43575.0,27000.0,26750.0,31750.0,28550.0
인천,송도동,70724.56890459365,97050.0,61959.83606557377,74567.14285714286,76928.54838709677,75658.20512820513
인천,송림동,22450.0,28948.117647058825,26285.714285714286,28666.666666666668,26500.0,29388.09523809524
인천,송월동1가,13433.333333333334,,,,15250.0,
인천,송월동2가,18800.0,31000.0,27500.0,22000.0,,23000.0
인천,송현동,16941.666666666668,21787.5,24371.42857142857,21878.571428571428,17263.636363636364,18150.0
인천,숭의동,15122.0,15423.529411764706,18171.42857142857,24170.0,16338.888888888889,16300.0
인천,신생동,26000.0,22250.0,18700.0,25700.0,,
인천,신현동,47014.583333333336,35325.0,45800.0,52570.0,46442.857142857145,46759.375
인천,신흥동1가,22591.666666666668,26000.0,,25508.33333333333,25500.0,32000.0
인천,신흥동2가,12320.0,10862.5,16800.0,,11000.0,12666.666666666666
인천,신흥동3가,22169.444444444445,30700.0,24000.0,24600.0,26485.714285714286,24562.5
인천,심곡동,22831.81818181818,25850.0,23500.0,26087.5,23336.36363636364,24290.625
인천,십정동,27392.424242424244,34375.0,29490.0,32914.95,37411.76470588235,28126.92307692308
인천,연수동,21583.73232323232,39800.0,27036.666666666668,25846.34146341464,26551.92307692308,26462.5
인천,연희동,15966.666666666666,16900.0,14482.5,21825.0,21220.0,18675.0
인천,오류동,24421.052631578947,42700.0,,30325.0,27071.42857142857,30212.5
인천,옥련동,25969.791666666668,41200.0,21575.0,28502.941176470587,27102.380952380958,26971.79487179487
인천,왕길동,26384.722222222223,29410.0,29050.0,31645.454545454544,31653.846153846152,31460.0
인천,용종동,38706.25,37450.0,30400.0,25866.666666666668,37807.69230769231,42666.66666666666
인천,용현동,34239.32773109244,31759.33333333333,36519.5652173913,28475.0,34783.333333333336,34879.09090909091
인천,운남동,37382.0,55742.857142857145,37742.857142857145,39214.28571428572,42766.66666666666,41178.94736842105
인천,운서동,25065.78947368421,25318.75,28400.0,34468.42105263158,27884.615384615383,34736.36363636364
인천,원당동,32493.33333333333,63521.91666666666,41352.90476190476,57568.181818181816,59162.5,63763.15789473684
인천,이화동,30150.0,,,33500.0,39850.0,
인천,인현동,12500.0,14100.0,,,12900.0,
인천,일신동,24728.571428571428,30216.666666666668,27125.0,28375.0,20000.0,27220.0
인천,임학동,12700.0,,17100.0,,18000.0,18500.0
인천,작전동,18279.58227848101,24970.0,25165.217391304348,22252.69230769231,23566.8,23163.93442622951
인천,장기동,31500.0,,,,,35500.0
인천,장수동,70000.0,,,,,
인천,전동,17400.0,,,,,
인천,주안동,22398.458646616546,20103.45238095238,22601.441176470587,27771.940298507463,35486.666666666664,32941.23456790124
인천,중산동,34948.72881355932,47508.70967741936,35568.333333333336,35804.545454545456,37122.0,37389.28571428572
인천,청라동,57101.37362637363,78650.0,54129.78723404255,64250.87719298246,67005.06329113925,68855.64516129032
인천,청천동,30289.655172413797,34725.0,31571.42857142857,26450.0,32040.47619047619,30696.0
인천,청학동,20770.454545454544,28910.0,29952.33333333333,19728.571428571428,23400.0,23660.0
인천,학익동,26708.7375,33760.89473684211,27118.75,31759.615384615383,27188.18181818182,27720.90909090909
인천,항동7가,17028.571428571428,24053.571428571428,14600.0,17500.0,16687.5,15625.0
인천,화수동,11440.0,32500.0,,18700.0,20000.0,22900.0
인천,효성동,20679.545454545456,23925.757575757576,25189.947368421053,33055.333333333336,27044.444444444445,25441.11111111111
